source,source_detail,text,rating,date,url,themes,mode
play_store,com.myntra.android,"Satisfying experience..... Had a really good experience shopping from Myntra. The products were genuine, well-packed, and delivered on time. The overall shopping experience was smooth and hassle free, with plenty of options to choose from. Definitely a reliable platform for online shopping!",5,2026-08-20,,,rules
play_store,com.myntra.android,"worst app ever , my order has been delayed by 10 days and is still in arriving they don't under stand the value of costomer someone can have emergency . I'm never gonna use thi app now and not gonna recommend any one else to order from here 😒",1,2026-08-20,,,rules
play_store,com.myntra.android,very good online app,5,2026-08-20,,,rules
play_store,com.myntra.android,we always receive good quality products by myntra and always receive on time,5,2026-08-20,,quality_doubt,rules
play_store,com.myntra.android,best for new collection,5,2026-08-20,,,rules
play_store,com.myntra.android,horrible...... once it was a great app /website for shopping now it became one of the worst than worst .... delivery is always delayed that too weeks from the actual date of delivery or delivery is cancelled automatically.... horrible service..not recommended.,1,2026-08-20,,,rules
play_store,com.myntra.android,"I found myntra OG , here , can get original products of almost 90 % of the brands",5,2026-08-20,,,rules
play_store,com.myntra.android,superb app best quality and affordable,5,2026-08-20,,quality_doubt,rules
play_store,com.myntra.android,my account why deactivated iam not login by last two days please clarify problem myntra team,2,2026-08-20,,,rules
play_store,com.myntra.android,I have ordered 3 items till now and all of that are same as I ordered. good experience so far,5,2026-08-20,,,rules
play_store,com.myntra.android,great service 🥂,5,2026-08-20,,,rules
play_store,com.myntra.android,Best Plateform for shopping,5,2026-08-20,,,rules
play_store,com.myntra.android,best shoping app🥰🥰🥰,5,2026-08-20,,,rules
play_store,com.myntra.android,Fake working in myntra case,1,2026-08-20,,,rules
play_store,com.myntra.android,one stop solution for your life needs,5,2026-08-20,,,rules
play_store,com.myntra.android,good and best online shopping 🛍,5,2026-08-20,,,rules
play_store,com.myntra.android,good quality and better to shoping,4,2026-08-20,,quality_doubt,rules
play_store,com.myntra.android,excellent product with offers,5,2026-08-19,,,rules
play_store,com.myntra.android,"Has great quality of clothes and Great collection, love it",5,2026-08-19,,quality_doubt,rules
play_store,com.myntra.android,"myntra product quality original A1,and paking just wow",5,2026-08-19,,quality_doubt,rules
play_store,com.myntra.android,Very easy to use and quality of the product is very good,5,2026-08-19,,quality_doubt,rules
play_store,com.myntra.android,trusted online aap myntra quality very best & branded original item 👌,5,2026-08-19,,quality_doubt,rules
play_store,com.myntra.android,Good App that sells genuine products Very good UI,5,2026-08-19,,,rules
play_store,com.myntra.android,this is a good app i like it very very much.. i all time use this app for purchase purpose.,5,2026-08-19,,,rules
play_store,com.myntra.android,I've used the app it's very great best one,5,2026-08-19,,,rules
play_store,com.myntra.android,worst app ever the order gets cancelled after waiting for long time without any prior information about cancelled product and the refund money used to get in account after several days,1,2026-08-19,,delivery_return_fear,rules
play_store,com.myntra.android,worst app . no customer service,1,2026-08-19,,,rules
play_store,com.myntra.android,Myntra is known for its quality products. keep it up 💪,5,2026-08-19,,quality_doubt,rules
play_store,com.myntra.android,nice myntra app,5,2026-08-19,,,rules
play_store,com.myntra.android,everything branded product ✨️,5,2026-08-19,,,rules
play_store,com.myntra.android,Best aap for online shopping,5,2026-08-19,,,rules
play_store,com.myntra.android,it's too smooth,5,2026-08-19,,,rules
play_store,com.myntra.android,best platform to go with trend 😍😍💖,5,2026-08-19,,,rules
play_store,com.myntra.android,Good experience,5,2026-08-19,,,rules
play_store,com.myntra.android,As a young girl it is always best experience to do shopping but if it's myntra shopping naturally becomes a hobby 😍😇 thank you mantra for great shopping experience with numerous choices with latest fashion 🤗,5,2026-08-19,,,rules
play_store,com.myntra.android,"Very disappointing customer support experience with Myntra. I’ve been trying to get a resolution for my issue, but the chat support keeps giving irrelevant AI-generated responses and doesn’t actually address the problem. The chat even ends on its own without providing any resolution. When I request a callback, an AI answers the call as well, leaving me with no proper assistance or solution. What kind of customer support is this when there’s no actual human support and no resolution?",1,2026-08-19,,,rules
play_store,com.myntra.android,one of the best 🙂,5,2026-08-19,,,rules
play_store,com.myntra.android,great app and have good delivery service,5,2026-08-19,,,rules
play_store,com.myntra.android,Absolutely fraud application. return not processed. Customer care executive hold time 30 min. for absolutely rubbish and no resolution. This is happening in 2026 👎👎,1,2026-08-19,,,rules
play_store,com.myntra.android,best platform ever😍,5,2026-08-19,,,rules
play_store,com.myntra.android,Neet to improve many things special customers support system,2,2026-08-19,,,rules
play_store,com.myntra.android,very good products,5,2026-08-19,,,rules
play_store,com.myntra.android,my experience is good with myntra app authentic products good quality of clothes nd unique designs available with reasonable prices nd good offers i m satisfied with all myntra products 😊💫,5,2026-08-19,,quality_doubt,rules
play_store,com.myntra.android,gud app easy to use,5,2026-08-19,,,rules
play_store,com.myntra.android,Fantastic Experience..customer friendly..,5,2026-08-19,,,rules
play_store,com.myntra.android,this app was very nice deliever product in less time good offers,5,2026-08-19,,,rules
play_store,com.myntra.android,wonderful experience,5,2026-08-19,,,rules
play_store,com.myntra.android,"Good for shopping ... but at times prices are too high, return policy is good",5,2026-08-19,,delivery_return_fear,rules
play_store,com.myntra.android,good for clothes,5,2026-08-19,,,rules
play_store,com.myntra.android,"Delivery dates don't matter to these people at all; they don't care about the customer's plans. They cancel orders on their own and fail to deliver on time. Their customer service is poor, too. Because they cancelled the delivery, I didn't get my shoes, and my Chandrashila trip had to be cancelled. 💔",1,2026-08-19,,,rules
play_store,com.myntra.android,"worst delivery service and worst customer care service , I never recommend anyone to purchase from myntra. I order a HRX T-shirt whose delivery date was 8th august and I m writing this review on 19th august after 11 days, I contacted each and every day to the customer support after promised delivery date but I got zero support for my order, every single day they said wait for 24 hrs, you'll get your order. I got so much frustrated so cancelled my order.",1,2026-08-19,,,rules
play_store,com.myntra.android,one of the best shopping apps i have ever used. easy to return or exchange if you have any issue . product quality is top notch.,5,2026-08-19,,quality_doubt|delivery_return_fear,rules
play_store,com.myntra.android,lovely and adorable application,5,2026-08-19,,,rules
play_store,com.myntra.android,"Crazy good app for quality shopping.. Love their collection and quality choices.. I got a shirt, a jeans, pair of shoes and a wallet from here and trust me guys it's very very great quality..",5,2026-08-19,,quality_doubt,rules
play_store,com.myntra.android,delivery delayed for two weeks and cancelled the order without giving a reason and customer support is the same. everyone with automated response.,1,2026-08-19,,,rules
play_store,com.myntra.android,best shopping app,5,2026-08-19,,,rules
play_store,com.myntra.android,"why do they have all these mnow and express delivery systems, if they cannot adhere to the specified delivery times. Honestly, they cannot guarantee the delivery times, it's just false advertising.",1,2026-08-19,,,rules
play_store,com.myntra.android,Very worst experience ever. They can't deliver products within their given timeline and this happened in Delhi. If they can't deliver products in cities like Delhi then guess the standard of this app.,1,2026-08-19,,,rules
play_store,com.myntra.android,Best Online Delivery Application,5,2026-08-19,,,rules
play_store,com.myntra.android,good quality of products is here 😁,5,2026-08-19,,quality_doubt,rules
play_store,com.myntra.android,nice shopping platform,5,2026-08-19,,,rules
play_store,com.myntra.android,I purchased two earrings n both r beautiful like in pic.too happy.thanx,5,2026-08-19,,,rules
play_store,com.myntra.android,"I ordered so many things so many times, but I didn’t receive anything. Ekart is Myntra’s delivery partner, and the Ekart service operating in Pala, Kottayam district, Kerala, simply does not deliver my orders. I tried so many times, and once I even went and collected the parcel myself, but I can’t keep doing that every time. So I decided to uninstall Myntra and get rid of all this stress. Now I can save my time and have some peace of mind instead.",1,2026-08-19,,,rules
play_store,com.myntra.android,best of purches,5,2026-08-19,,,rules
play_store,com.myntra.android,"These people don't deliver on time, and they treat you like a lot of people. They give you their own time and still don't deliver on time.",1,2026-08-19,,,rules
play_store,com.myntra.android,Very nice product in this app,5,2026-08-19,,,rules
play_store,com.myntra.android,worst delivery experience I had faced,1,2026-08-19,,,rules
play_store,com.myntra.android,"Extremely disappointing experience with Myntra. I ordered Plix Jamun Clarifying Fruity Toner, but the product arrived broken and leaking despite the packaging being unopened. This is clearly unacceptable, especially for a skincare product. What’s even more frustrating is that it has now been 3 days since I raised the issue, and there has been no proper resolution or meaningful action from Myntra. I expected much better customer service.",1,2026-08-19,,,rules
play_store,com.myntra.android,great products...,5,2026-08-19,,,rules
play_store,com.myntra.android,"The product of this application is trustworthy, Flipkart and Amazon fail in front of it, Mantra is the best.good",5,2026-08-19,,,rules
play_store,com.myntra.android,this app is good 👍,5,2026-08-19,,,rules
play_store,com.myntra.android,it's a very nice app just wow offers frequently coming in the app and the products are also genuine loved it,5,2026-08-19,,,rules
play_store,com.myntra.android,Better than many.,5,2026-08-19,,,rules
play_store,com.myntra.android,experience is good,5,2026-08-19,,,rules
play_store,com.myntra.android,"Products on Myntra are always amazing and of genuine quality, if myntra is selling something then I am assured that it will be a quality material. Services of myntra and policies are matchless in the market. at last...I will say..Leave all, join Myntra.",5,2026-08-19,,quality_doubt,rules
play_store,com.myntra.android,Very useful app,5,2026-08-19,,,rules
play_store,com.myntra.android,it's a good app for online shopping,4,2026-08-19,,,rules
play_store,com.myntra.android,"1-star experience. I contacted Myntra customer support TWICE about the same issue. The belt I wanted repeatedly showed as non-deliverable to my PIN code in the morning, then suddenly became deliverable in the evening—only for it to go out of stock. I had also previously ordered a belt that took so long to arrive that I had to cancel it, yet Myntra blamed the cancellation on me. Even now, the same belt is showing as deliverable again. Extremely frustrating and poor service.",1,2026-08-19,,stock_size_unavailability,rules
play_store,com.myntra.android,this platform good for fashion.i recently ordered bootcut cut jeans pant by roadster brand. so it delivered within 4days .there is a fastest delivery and interface is also good and convenient.mainly customer support is good they respond within 24 hours,5,2026-08-19,,,rules
play_store,com.myntra.android,this application has very very good app product is original and good quality service is very fast,5,2026-08-19,,quality_doubt,rules
play_store,com.myntra.android,good app with best quality,5,2026-08-19,,quality_doubt,rules
play_store,com.myntra.android,verry nice and trusted app and fast delivery I love it Myntra service and product quality are also so good appreciate it ♥️,5,2026-08-19,,quality_doubt,rules
play_store,com.myntra.android,true app for shopping,5,2026-08-19,,,rules
play_store,com.myntra.android,very very worst,1,2026-08-19,,,rules
play_store,com.myntra.android,affordable price and very nice kajal,5,2026-08-19,,,rules
play_store,com.myntra.android,good and the cloth quality was excellent,5,2026-08-19,,quality_doubt,rules
play_store,com.myntra.android,amazing it save my lots of money....💝i love it,5,2026-08-19,,,rules
play_store,com.myntra.android,"It is a great shopping app with a wide variety of cloth footwear , and accessories .... The app is easy to use and the product are usually of good quality I am with my shopping experience on Myntra",5,2026-08-19,,quality_doubt,rules
play_store,com.myntra.android,This app is very nice and easy to shop and has easy returns.,5,2026-08-19,,,rules
play_store,com.myntra.android,good customer service and products,5,2026-08-19,,,rules
play_store,com.myntra.android,"The products are excellent.Love the quality,trends going on",5,2026-08-19,,quality_doubt,rules
play_store,com.myntra.android,worst shopping app.,1,2026-08-19,,,rules
play_store,com.myntra.android,good app and items,5,2026-08-19,,,rules
play_store,com.myntra.android,very nice aap and all the products in this app is so good,5,2026-08-19,,,rules
play_store,com.myntra.android,"i loved the experience, reasonable price and great quality.also the delivery is also very fast",5,2026-08-19,,quality_doubt,rules
play_store,com.myntra.android,excellent options and user experience,5,2026-08-19,,,rules
play_store,com.myntra.android,"one of the worst online shopping apps I have ever seen. i ordered something on this aap everything was going right before, I was waiting 4 to 5 days and suddenly one day before the delivery date my order got cancelled.",1,2026-08-19,,,rules
play_store,com.myntra.android,fraud Myntra replacing order issue and fraud labelling myntra hot replacement order wrong labelling Myntra helpline is not helpful,1,2026-08-19,,delivery_return_fear,rules
play_store,com.myntra.android,The prices are expensive but the quality is great and I would love to shop here,4,2026-08-19,,quality_doubt,rules
play_store,com.myntra.android,best for online shopping,5,2026-08-19,,,rules
play_store,com.myntra.android,"trending clothes options, best app ever to buy clothes because clothes describe your value,",5,2026-08-19,,,rules
play_store,com.myntra.android,"when we return the order if we are disappointed, whole amount is not refunded. wheras they split some amount in my encash which we did not receive. It is really disappointing due to which I am discontinuing this application for shopping.",1,2026-08-19,,,rules
play_store,com.myntra.android,app is not opening always even after numerios tried.why all the time site maintaince showing me . Fix the problem otherwise i cancel all my orders & uninstall this app . This is so irritating..,1,2026-08-19,,,rules
play_store,com.myntra.android,such a nice and easy shopping app,5,2026-08-19,,,rules
play_store,com.myntra.android,The no way to confirm when the out for delivery order will reach as agent wont pick up and tgere is no help line number to call and get help myntra wants customers to email most other online big shopping sites have a helip lihe to call and speak to in myntra its so difficulty to get help if asked help PMO will respond but myntra is like deaf ears hope less,2,2026-08-19,,,rules
play_store,com.myntra.android,The Shopping Experoence is Great Return And Replacment Polocy is Helpful even Customer Care Service People are Great and Helpful,5,2026-08-19,,,rules
play_store,com.myntra.android,very nice app helpfull,5,2026-08-19,,,rules
play_store,com.myntra.android,Excellent in style quality size . Go for it. best app for good quality,5,2026-08-19,,quality_doubt,rules
play_store,com.myntra.android,very nice and perfect size with comfortable...so beautiful ❤️ ❤️ ❤️ i like it...,5,2026-08-19,,,rules
play_store,com.myntra.android,app is good with good rates but the platform fees is too high,5,2026-08-19,,,rules
play_store,com.myntra.android,"​""Extremely disappointed with Myntra's terrible service and policies. I ordered an iron, but they refused to process either a return or an exchange, completely forcing the item on me. To make matters worse, I ordered a pair of trousers from a different account, and the exact same thing happened—they forced me to keep it and refused to take it back. Myntra has become the worst and most unreliable shopping app. I strongly advise everyone to avoid buying anything from here.""",1,2026-08-19,,delivery_return_fear,rules
play_store,com.myntra.android,found it best among all other shopping apps.,5,2026-08-19,,,rules
play_store,com.myntra.android,Unable to cancel order .....,4,2026-08-19,,,rules
play_store,com.myntra.android,good product 👍😄,5,2026-08-19,,,rules
play_store,com.myntra.android,myntra is fraud now a days they are not refunding our money and not even respond calls or messages or e-mail. instead of correct bank details they are showing incorrect and not refunding money.,1,2026-08-19,,,rules
play_store,com.myntra.android,Good quality products,5,2026-08-19,,quality_doubt,rules
play_store,com.myntra.android,i have purchase many products on this app all product was awesome I suggest other people for purchase items from myntra app. authentic brands original products and the quality is very good of all products.,5,2026-08-19,,quality_doubt,rules
play_store,com.myntra.android,value for money products.,5,2026-08-19,,,rules
play_store,com.myntra.android,the delivery system is very amazing as ingot the exchange delivered in time .So did the myntra responded to my concerns,5,2026-08-19,,delivery_return_fear,rules
play_store,com.myntra.android,very bad Myntra bhai likha kar bata raha hu ki 100 ki chiz ko ye 500 ki dete h aj hi mai ne paint mangai h ek dam bekar quality ki di h Mt lo bhai log Myntra se,1,2026-08-19,,quality_doubt,rules
play_store,com.myntra.android,fascinating experience,5,2026-08-19,,,rules
play_store,com.myntra.android,Overall Good Experience,5,2026-08-19,,,rules
play_store,com.myntra.android,I lovethis app sooo much gives reasonable prices i ordered a pack of aqualogica body mist on its original website and on purple it costs 1000 and I bought it just for 699,5,2026-08-19,,,rules
play_store,com.myntra.android,extremely poor grievance redressal mechanism there is no contact with the customer care team - its impossible to access people there - i am done with talking to bots no one picks up the customer care no. extremely poor performance - very unsatisfied,1,2026-08-19,,,rules
play_store,com.myntra.android,easy delivery process.good app,5,2026-08-19,,,rules
play_store,com.myntra.android,Myntra ek number ka ghatiya aur froad banane ke liye aaya Hai ek order delivery karne ke liye ine logon ko ek Mahina lagta hai mere ko date by date dete ja raha hai ek number ka ghatiya hai koi bhi inse kuchh nahin Kar dega Flipkart meesho bahut badhiya hai 😡,1,2026-08-19,,,rules
play_store,com.myntra.android,"Your filter is not working in the mobile App. Once you select the filters, there is no provision to apply the filters.",4,2026-08-19,,app_ux_friction,rules
play_store,com.myntra.android,This app makes shopping so easy and joyful 🫶🏻,5,2026-08-19,,,rules
play_store,com.myntra.android,I just love this app the fast delivery ooh la laaa😭😭,5,2026-08-19,,,rules
play_store,com.myntra.android,khup sundar aap aahe khup swst n best mal aahe pls sarvani shoping kara,5,2026-08-19,,,rules
play_store,com.myntra.android,this app is very nice,5,2026-08-19,,,rules
play_store,com.myntra.android,"Very disappointed.Myntra deactivated my account without any reason and I complained it by calls, emails but no response.Now I am going to file a complaint with the consumer forum.",1,2026-08-19,,,rules
play_store,com.myntra.android,my experience with myntra is mind blowing very nice products at reasonable price n quality is also top notch. I always shop with myntra only I trust it. happy shopping,5,2026-08-19,,quality_doubt,rules
play_store,com.myntra.android,Best for online shopping 🛍 😌 Using this app for more than 5 years.,5,2026-08-19,,,rules
play_store,com.myntra.android,“Absolutely loved these jeans! The fitting is perfect and the fabric feels really comfortable. The quality is also very good and the jeans look exactly like the pictures. The fit is flattering and easy to style with both crop tops and oversized tops. I’ve worn them for long hours and they’re still comfortable. Definitely worth the price and would recommend them! ❤️”,5,2026-08-19,,size_fit_uncertainty|quality_doubt|price_value_anxiety,rules
play_store,com.myntra.android,"I thought in myntra we get only expensive products, but got best deals which was affordable... cheers",5,2026-08-19,,,rules
play_store,com.myntra.android,"It's a good app, good clothes in good prize.",5,2026-08-19,,,rules
play_store,com.myntra.android,"Horrible experience with the delivery, my first order still not delivered",1,2026-08-19,,,rules
play_store,com.myntra.android,it's good for shopping 🛍️🛒 and it can be purchaseable because myntra have best quality product and dress also so we can easily buy this and make happy.. if we start for shopping then it can be give a discount on your order and make affordable price their quality it best and also it give free coupons when we finished shopping and then we earn award for it .. I aslo earn mainy rewards and cash price on it so don't waste your time and jont with myntra and start to shopping 🛒🛍️ make your day,5,2026-08-19,,quality_doubt|price_value_anxiety,rules
play_store,com.myntra.android,It is a very good app,5,2026-08-19,,,rules
play_store,com.myntra.android,nice bag quality is very good 👍🏻,5,2026-08-19,,quality_doubt,rules
play_store,com.myntra.android,very nice 💯 and genuine,5,2026-08-19,,,rules
play_store,com.myntra.android,Best app for shopping 🛍️,5,2026-08-19,,,rules
play_store,com.myntra.android,Nice experience,5,2026-08-19,,,rules
play_store,com.myntra.android,good product available this site ☺️,5,2026-08-19,,,rules
play_store,com.myntra.android,quality products,5,2026-08-19,,quality_doubt,rules
play_store,com.myntra.android,very good quality products,5,2026-08-19,,quality_doubt,rules
play_store,com.myntra.android,Received expired product and after returning it myntra is not giving full refund,1,2026-08-19,,delivery_return_fear,rules
play_store,com.myntra.android,product of myntra are perfect,5,2026-08-19,,,rules
play_store,com.myntra.android,received broken product with no brand tags or price tag on return request their delivery partner just says it could not be quality checked and hence the return is put on hold. told this to their customer care they told me to send photos did the same return was scheduled and the delivery partner did the same. I think I will just have to forget about my money as this problem will persist without any real solution,1,2026-08-19,,quality_doubt,rules
play_store,com.myntra.android,it's a pleasure to use😍,5,2026-08-19,,,rules
play_store,com.myntra.android,"very good app for online shopping, i think best in India , it's items are really good quality, and also good policies of payment returns or exchanges or refund",5,2026-08-19,,quality_doubt|delivery_return_fear,rules
play_store,com.myntra.android,very nice service and product,5,2026-08-19,,,rules
play_store,com.myntra.android,I just love love love myntra,5,2026-08-19,,,rules
play_store,com.myntra.android,great application,5,2026-08-19,,,rules
play_store,com.myntra.android,Customer support and service at its worst. Wrong products are being sent and there is no quick resolution. The bot always says our agents are always busy,1,2026-08-19,,,rules
play_store,com.myntra.android,Is better than flipkart,5,2026-08-19,,,rules
play_store,com.myntra.android,"I have been using Mantra for a few years now. Earlier, I used to order only a few things, but now I keep buying something or the other regularly. So far, everything I have ordered has been really good. Especially since they introduced the cashback and daily rewards options, it has been even more beneficial. I’m really happy with the experience. Thank you, Mantra! ❤️",5,2026-08-19,,,rules
play_store,com.myntra.android,excellent products and original brands,5,2026-08-19,,,rules
play_store,com.myntra.android,nice app for online shopping.... They give what they show..,5,2026-08-19,,,rules
play_store,com.myntra.android,"PATHETIC APP FOR SHOPPING. MY RETURN IS PENDING SINCE A MONTH ALMOST. RECIEVED ON 5 JUNE. RETURN FILED ON 7 . TODAY IS 28 JUNE . LAST DATE FOR RETURN WAS 19. ITS BEEN OVER 9 DAYS STILL IT SHOWING THEY ARE SAYING """" WE ARE LOOKING INTO YUR RETURN. PLEASE WAIT FOR 24 HOURS"""" JUST A PATHETIC SERVICE. YOU GUYS DONT EVEN DESERVE A SINGLE STAR FROM MY POINT OF YOU.",1,2026-08-19,,,rules
play_store,com.myntra.android,very fast and good condition delivery service.,5,2026-08-19,,,rules
play_store,com.myntra.android,myntra is trustable app 🤌 I have purchased from myntra and i received orders in well manner and quality of cloth is awesome 👌,5,2026-08-19,,quality_doubt,rules
play_store,com.myntra.android,"best app for clothes, affordable",5,2026-08-19,,,rules
play_store,com.myntra.android,mast hai sasta hai,5,2026-08-19,,,rules
play_store,com.myntra.android,very bad experience... i ordered a product in a offer and myntra haven't delivered that product instead of delivering the product they are only showing delay and delay... very bad app and support system is also worst... i am unable to make chat or call with the agent.... worst application don't purchase any product from myntra,1,2026-08-19,,,rules
play_store,com.myntra.android,good experience recommended it,5,2026-08-19,,,rules
play_store,com.myntra.android,best app and myncash back bhi acha deta h 👌👌👌,5,2026-08-19,,,rules
play_store,com.myntra.android,"irrespansible app, and its worst it is not business app reson i asking some thing not accepted",1,2026-08-19,,,rules
play_store,com.myntra.android,I just love how you don't charge a lot on product,5,2026-08-19,,,rules
play_store,com.myntra.android,super I am happy,5,2026-08-19,,,rules
play_store,com.myntra.android,"the worst app i cancelled my order in August and today is August 18th, but I still haven't received my refund. I really didn't expect this from Myntra. When will my amount be refunded",1,2026-08-19,,delivery_return_fear,rules
play_store,com.myntra.android,good product as soon as received 👏👌,5,2026-08-19,,,rules
play_store,com.myntra.android,"A very beautiful dress, perfect stich.But the only thing i was dissatisfied is i thought the gold pattern was embroidery but in reality it's just gold print. Otherwise the fit and outlook is really good. Thank you.",5,2026-08-19,,,rules
play_store,com.myntra.android,without seeing my return product they claimed that they have footage of my product. I am using first time Myntra in my life and this is wrost service. Other apps provided better service as compared to this.wrost service of my life delivery agent update status that quality check failed without seeing my return product and the Myntra team saying that they have investigated and find everything okay. send me the footage if you investigated this. Wrost service they don't care about customer value,1,2026-08-19,,quality_doubt,rules
play_store,com.myntra.android,quality maintain,5,2026-08-19,,quality_doubt,rules
play_store,com.myntra.android,best experience,5,2026-08-19,,,rules
play_store,com.myntra.android,very useful and time saving app...,5,2026-08-19,,,rules
play_store,com.myntra.android,my best one and only shopping app. go for itt!!!,5,2026-08-19,,,rules
play_store,com.myntra.android,one of worst service provider and not delivered the item in exact date as mentioned I am this stupid mistake continuously 👎👎,1,2026-08-19,,,rules
play_store,com.myntra.android,myntra app really awesome 👍....I am so glad to use it...,5,2026-08-19,,,rules
play_store,com.myntra.android,fast delivari and good produced,5,2026-08-19,,,rules
play_store,com.myntra.android,"Extremely disappointed with Myntra's service. The product quality is terrible, delivery was heavily delayed, and the customer support is completely unhelpful. Definitely not recommended. 1/5 stars.""",1,2026-08-19,,quality_doubt,rules
play_store,com.myntra.android,Good to use easy to use and it is trusted also,5,2026-08-19,,,rules
play_store,com.myntra.android,nice app with exciting offers,5,2026-08-19,,,rules
play_store,com.myntra.android,best shopping app... i am really happy,5,2026-08-19,,,rules
play_store,com.myntra.android,wonderful app for shopping,5,2026-08-19,,,rules
play_store,com.myntra.android,customer friendly app too good,5,2026-08-19,,,rules
play_store,com.myntra.android,"Fantastic experience in ordering, payment and product detailing",5,2026-08-19,,,rules
play_store,com.myntra.android,excellent customer service app 👍 product quality always in good condition and service is good I am always purchasing by this app,5,2026-08-19,,quality_doubt,rules
play_store,com.myntra.android,don't deliver on the said date delivery is always delivered delayed and cancel themselves and say that the order is cancelled for unwanted reasons my multiple orders have been cancelled unwanted reasons most worst thing is that day charge platform fee cash on handling fee which is not refundable if the product is returned,1,2026-08-19,,,rules
play_store,com.myntra.android,very good product,5,2026-08-19,,,rules
play_store,com.myntra.android,delivery is not faster,1,2026-08-19,,,rules
play_store,com.myntra.android,i trusted on myntra last five years... original product and fast delivery 💖,5,2026-08-19,,,rules
play_store,com.myntra.android,beautiful product,5,2026-08-19,,,rules
play_store,com.myntra.android,it was very much better rakhii,5,2026-08-19,,,rules
play_store,com.myntra.android,Myntra app is deactivated and not able to longin,1,2026-08-19,,,rules
play_store,com.myntra.android,wow ! fully satisfied,5,2026-08-19,,,rules
play_store,com.myntra.android,amazing service providers for myntra . i am happy 😁 lowest price get best fashion items provided. thank you 👍🏻😊 myntra,5,2026-08-19,,,rules
play_store,com.myntra.android,"myntra is doing amazing especially it's style exchange is so unique , refund is amazing, go for it",5,2026-08-19,,delivery_return_fear,rules
play_store,com.myntra.android,osm products are been delivered,5,2026-08-19,,,rules
play_store,com.myntra.android,this app is very good 👍,5,2026-08-19,,,rules
play_store,com.myntra.android,absolutely 100% original quality,4,2026-08-19,,quality_doubt,rules
play_store,com.myntra.android,very good experience 😃👍,5,2026-08-19,,,rules
play_store,com.myntra.android,the product Myntra shows is one of best quality,5,2026-08-19,,quality_doubt,rules
play_store,com.myntra.android,great experience,5,2026-08-19,,,rules
play_store,com.myntra.android,poor experience and A lot of scams happen on Myntra.,1,2026-08-19,,,rules
play_store,com.myntra.android,very good app....For brand purchase...original and authentic product ... Good for it ....,5,2026-08-19,,,rules
play_store,com.myntra.android,veryyyy veryy6 goodddd 💗🫶🏻,5,2026-08-19,,,rules
play_store,com.myntra.android,Bakawas service Bakawas App....All Time Delivered Fake and duplicate products.. return option is not visible...1 Monthno one pick up return order .... customer service also disgusting please don't use Myntra app it's very very bad,1,2026-08-19,,,rules
play_store,com.myntra.android,Good quality and varieties of products are available at Myntra you must visit and buy accordingly.,5,2026-08-19,,quality_doubt,rules
play_store,com.myntra.android,been using Myntra for about 12 years. over the years they have improved a lot and gives peace of mind in choosing genuine products. however the platform fee is too high,4,2026-08-19,,,rules
play_store,com.myntra.android,Myntra is honestly one of my favourite shopping apps! ❤️ The app is very easy to use. the collection is amazing & there are always great discounts & offers. I love how easy it is to search products compare options & check reviews before buying. The product variety is excellent & the overall shopping experience is smooth and convenient. 🛍️ Delivery & packaging have also been good in my experience & the return/exchange process is quite convenient. Thank u Myntra for making online shopping so easy,5,2026-08-19,,delivery_return_fear,rules
play_store,com.myntra.android,nice app and great product take a but longer for deliver products,5,2026-08-19,,,rules
play_store,com.myntra.android,"Good, but not budget friendly for everyone!",5,2026-08-19,,,rules
play_store,com.myntra.android,myntra sarvice sabse bekar hai mara order 14 August ko delivered hona tha or aaj 19 august ho gyi hai aaj tak Oder nhi aaya inki helpline pr baat kro to next time next bolte hai koi kuch bhi help nhi krte sabse bekar platform hai 👎👎👎,1,2026-08-19,,,rules
play_store,com.myntra.android,Best quality of product,5,2026-08-19,,quality_doubt,rules
play_store,com.myntra.android,"today 19 Jul 26 almost 70 days passed, I returned a product worth ₹10,999 but have still not received my refund since 8 jun 26 order. Customer support keeps giving different instructions—first chargeback, then bank statement, bank details, and now a bank denial letter. I have submitted every document requested, yet there is no resolution. I have spent weeks following up and visiting my bank. worst ever merchant in my life. please don't buy anything here 🙏. myntra is complete fraud and scam.",1,2026-08-19,,delivery_return_fear,rules
play_store,com.myntra.android,Myntra's return policy is complicated when you receive the wrong product. I have been waiting for days and still the issue is not getting resolved. Also their packaging is the worst.,1,2026-08-19,,delivery_return_fear,rules
play_store,com.myntra.android,Disgusting app it is rascal,1,2026-08-19,,,rules
play_store,com.myntra.android,Nice App Placed My Placed First Order And My First Delivered Thank You,5,2026-08-19,,,rules
play_store,com.myntra.android,Myntra is one of the best shopping app not only for clothes but for everything.,5,2026-08-19,,,rules
play_store,com.myntra.android,best product and trusted brand,5,2026-08-19,,,rules
play_store,com.myntra.android,This is the worst app customer ki koi help nhi krte jab unki koi complaint hoti h to I am very disappointed with Myntra,5,2026-08-19,,,rules
play_store,com.myntra.android,This application is absolutely genuine about original product .,5,2026-08-19,,,rules
play_store,com.myntra.android,bhut hi ghtiya sarvice hai. maltb apne me hi bolte rhate hai ise acha mehso hai kam se kam shai tarike se jabab to deta hai,1,2026-08-19,,,rules
play_store,com.myntra.android,Good & prompt service service .,5,2026-08-19,,,rules
play_store,com.myntra.android,Nice shopping experience,4,2026-08-19,,,rules
play_store,com.myntra.android,worst app ever whenever I order something it gets delay every time for 3-4 days more,1,2026-08-19,,,rules
play_store,com.myntra.android,super 💯 good quality excellent quality,5,2026-08-19,,quality_doubt,rules
play_store,com.myntra.android,best quality cloths and exchange fast,5,2026-08-19,,quality_doubt|delivery_return_fear,rules
play_store,com.myntra.android,"good in service, budget friendly and good products",5,2026-08-19,,,rules
play_store,com.myntra.android,trusted application,5,2026-08-19,,,rules
play_store,com.myntra.android,Good cloth quality and right in size . so nice,5,2026-08-19,,quality_doubt,rules
play_store,com.myntra.android,best quality clothes,5,2026-08-19,,quality_doubt,rules
play_store,com.myntra.android,"""One of the best shopping apps out there! Huge brand collection, genuine products, fast delivery and super easy returns. The app is smooth, and the sale offers are amazing. Highly recommend Myntra!""",5,2026-08-19,,,rules
play_store,com.myntra.android,"Myntra is one of the best shopping apps for fashion and clothing. The app is easy to use, there are plenty of options from different brands, and the product quality is generally very good. Delivery is also fast and the return/exchange process is quite convenient. Overall, I've had a great shopping experience with Myntra and would definitely recommend it to others.",5,2026-08-19,,quality_doubt|delivery_return_fear,rules
play_store,com.myntra.android,I like this app,5,2026-08-19,,,rules
play_store,com.myntra.android,I have ordered a short sleeve shirt of mast and harbour brand from myntra but received a shirt from different brand,1,2026-08-19,,,rules
play_store,com.myntra.android,Products almost look as good in real life as they do in pictures. The app is fine and somewhat easy to navigate.,4,2026-08-19,,,rules
play_store,com.myntra.android,"Very disappointing delivery service from Myntra. Their delivery chain is extremely poorly managed. Deliveries are often delayed without any proper explanation, and the promised delivery dates are not taken seriously. Customers have to keep waiting and following up for their orders. The shopping experience is completely ruined because of such poor logistics. Myntra seriously needs to improve its delivery system and customer service.",1,2026-08-19,,,rules
play_store,com.myntra.android,"Horrible service, I would happily give zero stars and won't recommend this app to anyone. The order arrives fast but the return process takes years. no one comes for return pick ups and when you use the ""call me"" option an automated annoying bloody voice gives you replies that are absolutely useless that too in Hindi when you specifically choose ""English"". Very frustrating service when it comes to returns and refunds. I'm uninstalling the app.",1,2026-08-19,,,rules
play_store,com.myntra.android,I totally love the fittt❤️,5,2026-08-19,,,rules
play_store,com.myntra.android,very good experience,5,2026-08-19,,,rules
play_store,com.myntra.android,I love to shop in myntra it's always give me a best,5,2026-08-19,,,rules
play_store,com.myntra.android,good products 👍,5,2026-08-19,,,rules
play_store,com.myntra.android,My go-to online shopping platform. The quality of the products is too good. I would recommend everyone to try at least once.,5,2026-08-19,,quality_doubt,rules
play_store,com.myntra.android,best of the best,5,2026-08-19,,,rules
play_store,com.myntra.android,"useful app from the pov of merchandise, shoes and crazy deals which gives you better products then other apps.",5,2026-08-19,,,rules
play_store,com.myntra.android,very useful app and all products are good quality,5,2026-08-19,,quality_doubt,rules
play_store,com.myntra.android,this is the first time I am using this app for my online purchase i am satisfied.,5,2026-08-19,,,rules
play_store,com.myntra.android,best quality material available in this brand,5,2026-08-19,,quality_doubt,rules
play_store,com.myntra.android,Rates is too higher,5,2026-08-19,,,rules
play_store,com.myntra.android,my fvrt app mai hmesa Myntra se shopping krti hu,5,2026-08-19,,,rules
play_store,com.myntra.android,best online shopping app for cloths,5,2026-08-19,,,rules
play_store,com.myntra.android,nice app for fashion shopping,5,2026-08-19,,,rules
play_store,com.myntra.android,what happened with you Myntra! What's wrong with your customer support!!! I ordered on 9th August and it's supposed to delivered on 14th of August but it get delayed which I can understand but then I don't have any update that when it will be delivered!let me know if you would like to deliver the item or not!that was gift for someone you ruined that occasion,1,2026-08-19,,styling_occasion_doubt,rules
play_store,com.myntra.android,it's a fraud company. without any reason my account was deactivated. i have ordered an item there was size issue. i am not unable to use my account for exchange or return. my account is deactivated it is no longer active. such a fraud company 😡,1,2026-08-19,,size_fit_uncertainty|delivery_return_fear,rules
play_store,com.myntra.android,this is perfect platform clothes and beauty k liye,5,2026-08-19,,,rules
play_store,com.myntra.android,good but costly,5,2026-08-19,,price_value_anxiety,rules
play_store,com.myntra.android,good quality product,5,2026-08-19,,quality_doubt,rules
play_store,com.myntra.android,"worst shopping app 6 orders me 5 cancel ho gye and only 1 receive hua , very show app",1,2026-08-19,,,rules
play_store,com.myntra.android,orignal brand you can buy from this,4,2026-08-19,,,rules
play_store,com.myntra.android,All categories available please Make affordable price,3,2026-08-19,,,rules
play_store,com.myntra.android,like me Thish app,5,2026-08-19,,,rules
play_store,com.myntra.android,Myntra is the best shopping platform.,5,2026-08-19,,,rules
play_store,com.myntra.android,Amezing experience,5,2026-08-19,,,rules
play_store,com.myntra.android,"nice app , authentic product delivered with early delivery",5,2026-08-19,,,rules
play_store,com.myntra.android,perfume fragrance it's osam i like it perfume,5,2026-08-19,,,rules
play_store,com.myntra.android,i ordered a bag and during the delivery date and after the delivery date which is five days apart i havent got a call from the delivery agent.But they said they have attempted multiple delivery but i havent got a single call from the agent and now my order has been cancelled after waiting for three weeks.Im very disappointed with myntra and even when i talk to customer care they're not responding with a proper answer cant get connected to human at all its full of ai,1,2026-08-19,,,rules
play_store,com.myntra.android,my order delivery is delayed so many times,5,2026-08-19,,,rules
play_store,com.myntra.android,This app is really safe,5,2026-08-19,,,rules
play_store,com.myntra.android,best app for shopping,5,2026-08-19,,,rules
play_store,com.myntra.android,"Bilkul, thoda strong aur detailed review ye rahega: ““Very disappointing experience with Myntra. This was my first order, but I received a defective product. My account has been blocked for 3 days, so I’m unable to return it or contact customer support properly. Please unblock my account and help me with the return and refund.”",1,2026-08-19,,delivery_return_fear,rules
play_store,com.myntra.android,myntra is easy to use and the myntra myncash feature is very good i love this feature of myntra,5,2026-08-19,,,rules
play_store,com.myntra.android,Amazing delivery experience and genuine products.,5,2026-08-19,,,rules
play_store,com.myntra.android,clothes are good but it takes much more time to verify return request,3,2026-08-19,,,rules
play_store,com.myntra.android,"super app to buy clothes,shoes and many more things",5,2026-08-19,,,rules
play_store,com.myntra.android,"day by day Myntra become Meesho,very poor product in there collection,even it's a worst quality.",1,2026-08-19,,quality_doubt,rules
play_store,com.myntra.android,"I really had a great experience using the Myntra app. The app is easy to use, well-designed, and has a wide variety of products to choose from. I especially like the easy search, filters, product details, and smooth shopping experience. The delivery process is also convenient, and the products I received were good in quality. Overall, Myntra makes online shopping simple, comfortable, and enjoyable. I am very satisfied with the app and would definitely recommend it to others. ⭐⭐⭐⭐⭐",5,2026-08-19,,quality_doubt,rules
play_store,com.myntra.android,"very fast,stylish and easy app..always fun to buy from myntra as it has plenty options in affordable range",5,2026-08-19,,,rules
play_store,com.myntra.android,"Products nowadays are sold by Myntra are of worsts quality. And the best part is that they will reject your return request also, so now end is near for myntra. Lot of other good companies will kick them our like Ajio, Nayka, etc. adding to my last review still Myntra using facing of seasonal sales to sale the defective product to the quality customers still there is a time to change the tactics and provide good quality product.",1,2026-08-19,,quality_doubt,rules
play_store,com.myntra.android,waste I'm unable to login,1,2026-08-19,,,rules
play_store,com.myntra.android,this app sooo good,5,2026-08-19,,,rules
play_store,com.myntra.android,"not extra charges from "" Cash on delivery 🚚 """,4,2026-08-19,,payment_checkout_friction,rules
play_store,com.myntra.android,Yai best app hai yaha sab top quality ka product milta hai I love this app,5,2026-08-19,,quality_doubt,rules
play_store,com.myntra.android,"Pathetic service and worst customer support experience! I ordered a watch (French Connection) well in advance as a special birthday gift for my wife, which was supposed to be delivered by August 9. However, it got delayed indefinitely. When I contacted customer support, the AI chat and automated calls were useless and just kept wasting my time with robotic responses. Then 18 august automatically cancelled my order without proper reason.",1,2026-08-19,,,rules
play_store,com.myntra.android,Good experience..Beautiful dress,5,2026-08-19,,,rules
play_store,com.myntra.android,worst experience .....my return order wasn't picked up...myntra automatically cancelled my return request ....fake cheating app,1,2026-08-19,,,rules
play_store,com.myntra.android,"Disappointing Experience with Myntra After 10 Years. I have been shopping with Myntra for the past 10 years and have never faced an issue until now. I received an incorrect, damaged product without a tag, and my return is on hold. Despite repeated calls to Customer Care and emails to the Grievance Team, there has been no resolution even after 24–48 hours. This lack of support is extremely disappointing. I hope senior management takes note and resolves this promptly.",2,2026-08-19,,,rules
play_store,com.myntra.android,worst app the service is very poor return of products cancelling lot of inconvenience caused from this app delivery issues are not solved easily,1,2026-08-19,,,rules
play_store,com.myntra.android,Excellent and comfortable.,5,2026-08-19,,,rules
play_store,com.myntra.android,I really appericiate myntra for its good quality products and great pricings.It is my pleasure shopping here everytime and i never get disappointed hope the same in future,5,2026-08-19,,quality_doubt,rules
play_store,com.myntra.android,very usefull app bast qwality product available,5,2026-08-19,,,rules
play_store,com.myntra.android,very good shopping app best in the world for fasion,5,2026-08-19,,,rules
play_store,com.myntra.android,awesome products.,5,2026-08-19,,,rules
play_store,com.myntra.android,I love this app 💯,5,2026-08-19,,,rules
play_store,com.myntra.android,i number quality i like this,5,2026-08-19,,quality_doubt,rules
play_store,com.myntra.android,Didn't get my myntra credit/earnings for my last approved video on ultimate glam clan program.,3,2026-08-19,,,rules
play_store,com.myntra.android,"⭐⭐⭐⭐⭐ 10/10! Amazing shopping experience on Myntra! Great collection, good quality products, easy-to-use app, and amazing discounts. Totally loved it! ❤️ Myntra has a great variety of clothes, footwear and beauty products. The app is easy to use, filters are helpful, and there are usually good discounts. Overall, a good shopping app, though customer support and return issues could be improved.",5,2026-08-19,,quality_doubt,rules
play_store,com.myntra.android,I just ordered one minimalist serum and face wash from you and haven't received it but still it showed as delivered. And all you can help is tell that acc to your logistics team I shared some Pin and now I can't get my product nor refund woww My other product was a suit that was ordered on 2 nd aug was meant to be delivered on 13 aug and till now it's not be delivered and I am asked to wait for confirmation till 25aug woow what a timing great ....I won't order from you again 🤬🤬😡😡🤬🤬😡🤬,1,2026-08-19,,delivery_return_fear,rules
play_store,com.myntra.android,this app is very intersting,5,2026-08-19,,,rules
play_store,com.myntra.android,"i really like to Shop from here but I don't understand what is their issue ? they always cancel my order without giving any reason just by saying sorry. I mean we are not fool. if we are ordering something again and again that's means we really need that thing and uhh fool your customer like this and their customer care support is so bad they don't even allows uh to type your problems. they gives you specific options to choose your problem, like seriously 😒",3,2026-08-19,,,rules
play_store,com.myntra.android,review very nice 👍🏻,5,2026-08-19,,,rules
play_store,com.myntra.android,too much gd aap for shopping. easily reliable and convinient to use,5,2026-08-19,,,rules
play_store,com.myntra.android,best for fashion & fast delivery,5,2026-08-19,,,rules
play_store,com.myntra.android,"⭐⭐⭐⭐⭐ Amazing shopping experience with Myntra! The collection is stylish, trendy, and has something for every budget. The quality is great, delivery is quick, and the packaging is neat. I’ve always had a smooth experience shopping on Myntra. Highly recommended for fashion lovers! 🛍️✨",5,2026-08-19,,quality_doubt,rules
play_store,com.myntra.android,better than flipkart,5,2026-08-19,,,rules
play_store,com.myntra.android,very nice app 🫶,5,2026-08-19,,,rules
play_store,com.myntra.android,you can really get good products here Loved this platform,5,2026-08-19,,,rules
play_store,com.myntra.android,"myntra is too bad yr, i got disappointed by its service like no shopping app does this to me that this app cancel my order everytime by showing that it has come in my town than it shows order got delayed and after more few days they extend the date and after that it cancelled!! like they have no accountability , if I have ordered something and it take half a month to come and then cancelled without any reasons , it is seriously annoying .. and also it happens with me always .",1,2026-08-19,,,rules
play_store,com.myntra.android,it's a very good app with a good interface for people and has a lot of styles and also it,5,2026-08-19,,,rules
play_store,com.myntra.android,really bad experience,1,2026-08-19,,,rules
play_store,com.myntra.android,love you myntra 🎉,5,2026-08-19,,,rules
play_store,com.myntra.android,good online shopping app ☺️ 🤗 I like it 👌,5,2026-08-18,,,rules
play_store,com.myntra.android,delivery time Long and items not delivered no coustomer support myntra not purchase all items not,1,2026-08-18,,,rules
play_store,com.myntra.android,worst order experience. it I'll take many days more than week . asume if you ordered item on 15 it'll show delivered on between 19-21. on 18 it I'll show delivered on 21,1,2026-08-18,,,rules
play_store,com.myntra.android,good experience 😃,5,2026-08-18,,,rules
play_store,com.myntra.android,worst support worst service,1,2026-08-18,,,rules
play_store,com.myntra.android,Bahat acha hai ye app,5,2026-08-18,,,rules
play_store,com.myntra.android,nyc Shopping app,4,2026-08-18,,,rules
play_store,com.myntra.android,apne ap cancel krke refund bhi nhi dia,1,2026-08-18,,delivery_return_fear,rules
play_store,com.myntra.android,worst Customer service. First they are not sending product with tag and while returning asking for tag. Customer care team is not responding neither on chat nor on call to discuss on the issue.,1,2026-08-18,,,rules
play_store,com.myntra.android,this app is very awesome 👌,5,2026-08-18,,,rules
play_store,com.myntra.android,unable to apply filters,3,2026-08-18,,,rules
play_store,com.myntra.android,"They do not have any support assistant, everything is useless and neither can we get a refund back nor can we talk to the agent through message, they do not give any option and if we call then there is an assistant waiting who is not available. Who doesn't listen to anything and solve our problem, I haven't received refund for the last 8 days and there is no customer support. Firstly, they send old clothes to almost everyone. I have given them proof.",1,2026-08-18,,delivery_return_fear,rules
play_store,com.myntra.android,poor customer service,1,2026-08-18,,,rules
play_store,com.myntra.android,mai ache kapdon ke liye bana hi nahi,5,2026-08-18,,,rules
play_store,com.myntra.android,genuine quality,5,2026-08-18,,quality_doubt,rules
play_store,com.myntra.android,it is the froud app and it's delivery as not well,1,2026-08-18,,,rules
play_store,com.myntra.android,nice app and good quality products,5,2026-08-18,,quality_doubt,rules
play_store,com.myntra.android,"very good in very affordable price,",5,2026-08-18,,,rules
play_store,com.myntra.android,amazing .. nice collection fast delivery fast return. fast refund... thanku..,5,2026-08-18,,delivery_return_fear,rules
play_store,com.myntra.android,one of the most trusted online shopping app💗,5,2026-08-18,,,rules
play_store,com.myntra.android,overall UI is good,5,2026-08-18,,,rules
play_store,com.myntra.android,worst customer service not connecting to any real agent to solve my issue,1,2026-08-18,,,rules
play_store,com.myntra.android,my first time is very good product,5,2026-08-18,,,rules
play_store,com.myntra.android,"Love this app! Shopping is super easy, delivery is fast and the app is very smooth and responsive. Great collection and amazing deals. Highly recommend!",5,2026-08-18,,,rules
play_store,com.myntra.android,fraud app.. product picked up by the delivery boy however myntra said that product is not picked up and did not provide refund.. they don't even post your review on product if reviews are negative.. they have moderated the reviews as only positive reviews are being allowed to post,1,2026-08-18,,delivery_return_fear,rules
play_store,com.myntra.android,Amazing app for shopping,5,2026-08-18,,,rules
play_store,com.myntra.android,more collections available.,5,2026-08-18,,,rules
play_store,com.myntra.android,overall it's very nice 👍,5,2026-08-18,,,rules
play_store,com.myntra.android,"Really bad experience with customer executive. My order got cancelled after reaching my nearest delivery hub as my pincode suddenly became non serviceable for them. The same pincode where they were ok to deliver when I placed the order. The customer executive only has one thing to say ""i understand your concern pls place a fresh order"". what is the purpose of that....",1,2026-08-18,,,rules
play_store,com.myntra.android,"Excellent, Fabulous, Mind blowing",5,2026-08-18,,,rules
play_store,com.myntra.android,one of the best app for order stuffs and the my glam clan offers gives you credit money so you can redeem on the orders,5,2026-08-18,,,rules
play_store,com.myntra.android,perfect fit and stylish,5,2026-08-18,,,rules
play_store,com.myntra.android,I just love myntra 🥰,5,2026-08-18,,,rules
play_store,com.myntra.android,greatest of all time,5,2026-08-18,,,rules
play_store,com.myntra.android,is app se ghatiya service nahi dekha m kisi ptaleform pe ye Nasha kr ke order confirm lete h .aur jo mn me aye date fix kr dete h aur us dilevery date pe pta nahi kaha mar jate h. 15 ko date diye nhi huwa 18 diye wo bhi nhi huwa to bnd kro na online selling jb tumhe delivery hi nahi deni h to,1,2026-08-18,,,rules
play_store,com.myntra.android,worst application ever I am trying to order something from the app they cancelled after few days bakwas UI bakwas service,1,2026-08-18,,,rules
play_store,com.myntra.android,best for original products and great deals,5,2026-08-18,,,rules
play_store,com.myntra.android,"Amazing and trustworthy platform for makeup, dresses and ethnic wear",5,2026-08-18,,,rules
play_store,com.myntra.android,"Worst Experience Worst experience with Myntra. My order was supposed to be delivered on 8th August, but it still hasn’t arrived. When I tried to cancel it, the cancellation has been showing “Pending” for the last 5 days with no proper update or resolution. This is extremely frustrating and unacceptable. Customers shouldn’t have to struggle just to cancel an undelivered order. I strongly recommend people not to download this app or use Myntra for purchases. Very poor service.",1,2026-08-18,,,rules
play_store,com.myntra.android,"Very bad experience. Applied ""No Return"" coupon by mistake and got poor quality product with faded colour. For return, only ""size exchange"" option was there. Requested refund by deducting coupon but ignored. No support. Myntra delivers bad quality and takes no responsibility. Policy is confusing.",1,2026-08-18,,quality_doubt|price_value_anxiety|delivery_return_fear,rules
play_store,com.myntra.android,The Best Ever!!! 🐥,5,2026-08-18,,,rules
play_store,com.myntra.android,"Extremely Poor Service and Delayed Delivery! My order was scheduled to be delivered by the 8th, but I have not received it yet. There is no clear update regarding the shipment status. Customer support has not been helpful. Very disappointing experience from Myntra.",1,2026-08-18,,,rules
play_store,com.myntra.android,My experience with Myntra was really good. The website is easy to use and offers a wide variety of products. The product I received was of good quality and matched the description.,5,2026-08-18,,quality_doubt,rules
play_store,com.myntra.android,Myntra's service is very bad 😔,1,2026-08-18,,,rules
play_store,com.myntra.android,"myntra is nt giving full refund after returning the whole item dnt buy from myntra wrong product ,issue in size I hve many complaint on myntra there r some resolving sum r igonre",1,2026-08-18,,delivery_return_fear,rules
play_store,com.myntra.android,"the app was incredible,every product is geniune and has good quality",5,2026-08-18,,quality_doubt,rules
play_store,com.myntra.android,customer care is just name sake and return policy and the return system is rubbbish,1,2026-08-18,,delivery_return_fear,rules
play_store,com.myntra.android,my experience is very nice and useful product purchase for me thank you from Myntra,5,2026-08-18,,,rules
play_store,com.myntra.android,"Very poor support. I received the wrong product and provided evidence. An Ekart agent called me and collected the product on 14 July, but Myntra later claimed it was never picked up and denied my refund. I have contacted support repeatedly, but they keep sending the same automated replies and closing tickets without investigating. I have neither the product nor my refund. Completely unacceptable customer service.",1,2026-08-18,,delivery_return_fear,rules
play_store,com.myntra.android,awesome product .,5,2026-08-18,,,rules
play_store,com.myntra.android,very bad experience worthless delivery agent never deliver the item on time i called them soo many times but they never did anything worst application,1,2026-08-18,,,rules
play_store,com.myntra.android,Worst experience in last few orders. Tracking details shows order received at nearest delivery location but never received.,1,2026-08-18,,,rules
play_store,com.myntra.android,"amazing dress , great fitting 👌 I loved it❤️❤️",5,2026-08-18,,size_fit_uncertainty,rules
play_store,com.myntra.android,"The services of Myntra were good enough in the past but now it has been downgraded to earth. Products, rates and offers are average but delivery and customer help center are the worst and headache to buyers. Don't buy anything through Myntra if you need timely delivery. Myntra has no control over delivery agents. They reschedule your delivery date without any information. Myntra help center is totally digital based AI. You can't contact a real customer service agent despite repeated efforts.",2,2026-08-18,,,rules
play_store,com.myntra.android,much better product,5,2026-08-18,,,rules
play_store,com.myntra.android,"very bad service was given from Myntra, i placed a order and my EDD was given to me on 12th of Aug but delivery partner wasn't delivered my order,so I raised a complaint and my ticket resolution date was given to me till 17th of Aug everyday i received a message that my order was out for delivery but i didn't receive my order on 18th today I received a message that order was out for delivery i wait for the delivery partner till 7.30 he told me that he will not deliver the order very bad service",1,2026-08-18,,,rules
play_store,com.myntra.android,"Excellent service and product quality. One of the best shopping app , You needn't think twice before purchasing any product from this app",5,2026-08-18,,quality_doubt,rules
play_store,com.myntra.android,quality of clothes,5,2026-08-18,,quality_doubt,rules
play_store,com.myntra.android,Very nice I always shopping with mymtra,5,2026-08-18,,,rules
play_store,com.myntra.android,Horrible experience with Myntra. These people don't value their customers.My App got auto updated .. don't know how I got logged out..and since then I cannot access my account and my orders which were in transit. I want to exchange the product but can't do so. Twice I raised my concern through the help center. The agents close the issue without calling the customer. There is no means to contact them in anyway,1,2026-08-18,,delivery_return_fear,rules
play_store,com.myntra.android,it's the best app for shopping,5,2026-08-18,,,rules
play_store,com.myntra.android,authentic genuine products quality shopping app,5,2026-08-18,,quality_doubt,rules
play_store,com.myntra.android,another trustable platform,5,2026-08-18,,,rules
play_store,com.myntra.android,awesome clothes n,5,2026-08-18,,,rules
play_store,com.myntra.android,scam canceled my 4 order and even deducted platform fee i did not cancelled my order they did.,1,2026-08-18,,,rules
play_store,com.myntra.android,nice product original quality and make the perfect pair always ty mintra,5,2026-08-18,,quality_doubt,rules
play_store,com.myntra.android,yr app and website both are not working,1,2026-08-18,,,rules
play_store,com.myntra.android,using myntra since ages n never got disappointed by it living it,5,2026-08-18,,,rules
play_store,com.myntra.android,Duniya ki sbse ghatia customer care team h myntra k paas......ye 1 star bhi majburi me diya zero ka koi option nhi h isliye...,1,2026-08-18,,,rules
play_store,com.myntra.android,each and every order of mine get delayed and cancelled..I hate this app so must disgusting experience...worst app,1,2026-08-18,,,rules
play_store,com.myntra.android,nice.....excellent product,5,2026-08-18,,,rules
play_store,com.myntra.android,superb experience ❤️,5,2026-08-18,,,rules
play_store,com.myntra.android,bahut Achcha hai application,5,2026-08-18,,,rules
play_store,com.myntra.android,"Disappointing This is extremely frustrating and completely unacceptable. I received a totally different product from what I ordered, and despite already contacting customer care multiple times, Myntra is still refusing to take the wrong product back.Instead of resolving such a basic issue,you are asking me to give feedback. This has caused unnecessary stress and wasted a lot of my time. I expect Myntra to take responsibility, arrange the return immediately, and issue my refund without any delay",1,2026-08-18,,delivery_return_fear,rules
play_store,com.myntra.android,best site for shopping guys love all products 😍🥰,5,2026-08-18,,,rules
play_store,com.myntra.android,ammazing experience,5,2026-08-18,,,rules
play_store,com.myntra.android,"bad service,bad products,bad return policy,They don't have enough people to solve your query efficiently.Dont buy from Them.They don't care about customers",1,2026-08-18,,delivery_return_fear,rules
play_store,com.myntra.android,"I don't know fashion after I installed myntra I know what is old money, gen-z,outfit",5,2026-08-18,,,rules
play_store,com.myntra.android,"i don't know how Myntra do this with me i literally contact help center like 6to7 days regular but my problem didn't resolved my refund didn't deliver in my account and i contact help center said that after 24hrs its deliver but 2,3days it's not deliver my refund whats wrong with you myntra please resolve my problem",1,2026-08-18,,delivery_return_fear,rules
play_store,com.myntra.android,till now the quality and fabric of cloths are good,5,2026-08-18,,quality_doubt,rules
play_store,com.myntra.android,"exceptional, very good and well",5,2026-08-18,,,rules
play_store,com.myntra.android,bhut hi ghatiya D gred e commerce platform iski delivery kbhi nhi hoti hai maine khud kayi bar try kiya hai iska costumer support bhi nhi hai I will never use this again in my hole life ................,1,2026-08-18,,,rules
play_store,com.myntra.android,this review is for there customer care which is not reachable at all if you are not logged into system. not able to resolve login issue by doing multiple follow ups on there customer care support email id.,1,2026-08-18,,app_ux_friction,rules
play_store,com.myntra.android,best shopping app for clothes and fashion,5,2026-08-18,,,rules
play_store,com.myntra.android,nice osm service very faitfully,5,2026-08-18,,,rules
play_store,com.myntra.android,very useful app and every product is awesome,5,2026-08-18,,,rules
play_store,com.myntra.android,amazing app loving products 😊,5,2026-08-18,,,rules
play_store,com.myntra.android,i really trust the quality,5,2026-08-18,,quality_doubt,rules
play_store,com.myntra.android,this facewash helps control oil on face and myntra made it even better by delivering it quickly!!🩷,5,2026-08-18,,,rules
play_store,com.myntra.android,didn't get a refund 1722/- to my account delay I am calling customer care means saying like initiated but I seeing my account no credit to bank account I called my bank and he said that still not received Nowadays myntra is going the worst Sometimes there is a delivery agent cancelling order,1,2026-08-18,,delivery_return_fear,rules
play_store,com.myntra.android,it is really helpful,5,2026-08-18,,,rules
play_store,com.myntra.android,"Absolutely loving my Myntra experience! ❤️ I recently downloaded the app and I'm really impressed with the variety, easy shopping experience, and especially the fast and smooth delivery. The products arrived in great condition and the overall service has been amazing. Definitely enjoying shopping on Myntra! ✨",5,2026-08-18,,,rules
play_store,com.myntra.android,nice collection and perfect prices 👌,5,2026-08-18,,,rules
play_store,com.myntra.android,"very good app affordable rates ,new designs,better quality",5,2026-08-18,,quality_doubt,rules
play_store,com.myntra.android,"Myntra is one of the best shopping apps for fashion and clothing. The collection is huge, the app is easy to use, and the product quality is generally good. I especially like the variety of brands, offers, and the smooth ordering and delivery experience. Overall, a reliable app for online shopping. Highly recommended! 👍",5,2026-08-18,,quality_doubt,rules
play_store,com.myntra.android,"it's an amazing app,gives discount on many occasions.",5,2026-08-18,,price_value_anxiety,rules
play_store,com.myntra.android,ovesome experience,5,2026-08-18,,,rules
play_store,com.myntra.android,poor delivery time 14 arrived my good but don't know what already paid,1,2026-08-18,,,rules
play_store,com.myntra.android,great my choice shoes 10/10. and one8 shoes 👟 parfect,5,2026-08-18,,,rules
play_store,com.myntra.android,"good Application, Nice First Experience",5,2026-08-18,,,rules
play_store,com.myntra.android,Original product from Myntra.I purchased Rayban Sunglass Round and rectangular shape.Both is original from Rayban.Quality is excellent.Delivery fast.Price is low as compared to others .So I always recommend to buy from Myntra.,5,2026-08-18,,quality_doubt,rules
play_store,com.myntra.android,Nice app for shopping and understanding better style for the teenagers ++,5,2026-08-18,,,rules
play_store,com.myntra.android,I am interested with very very nice,5,2026-08-18,,,rules
play_store,com.myntra.android,"quality products fashion at amazing prices i buy almost everything from myntra clothes,bags,shoes n jewellery best in quality and amazing custimer service superfast delivery easy exchange n refunds go for it",5,2026-08-18,,quality_doubt|delivery_return_fear,rules
play_store,com.myntra.android,Myntra sales mostly near expiry personal care products if you want fresh products Myntra is not the right platform,1,2026-08-18,,,rules
play_store,com.myntra.android,very useful platform 💯,5,2026-08-18,,,rules
play_store,com.myntra.android,such good product received... myntra is good web side I think fkt original product,5,2026-08-18,,,rules
play_store,com.myntra.android,exactly same clothes I see in photos.,5,2026-08-18,,,rules
play_store,com.myntra.android,delivering orders on time,4,2026-08-18,,,rules
play_store,com.myntra.android,Best shopping app for branded material,5,2026-08-18,,quality_doubt,rules
play_store,com.myntra.android,worst customer service,1,2026-08-18,,,rules
play_store,com.myntra.android,dont buy product this app not quality and proper deliver received broken product and used fabric,1,2026-08-18,,quality_doubt,rules
play_store,com.myntra.android,my order hold please help me,1,2026-08-18,,,rules
play_store,com.myntra.android,very bad app hai yehh mene 3 bar order Kiya mujhe 3 bar hi nhi mera order received hua kabhi delay toh kabhi cancel ense acha toh meesho app hai woh delivery toh tym to tym deta hai mera order mujhe ajj receive hona thaa lekin inka message aya k order delay haii 😡😡😡😡😡😡😡😡😡😡😡😡😡😡 0 rating hai meri ganda app haii yehh,1,2026-08-18,,,rules
play_store,com.myntra.android,my all time favourite perfume,5,2026-08-18,,,rules
play_store,com.myntra.android,Good platform.. for all in one...,5,2026-08-18,,,rules
play_store,com.myntra.android,How beautiful it is 😍😍😍 Thank u myntra 🔥,5,2026-08-18,,,rules
play_store,com.myntra.android,I don't even want to give one star it was such a horrendous experience I gave order for a kids gown so its quality wasn't good and so I exchanged with something else the product that came was horrendous used product no tags and now the delivery guy said it failed brand match so it can't get return I connected with the costumer service like they said they will again check the product I have no faith that they will refund or exchange with a good product.,1,2026-08-18,,quality_doubt|delivery_return_fear,rules
play_store,com.myntra.android,very trusted app love it 😍,5,2026-08-18,,,rules
play_store,com.myntra.android,"poor customer care, my product is missing for 20 days and none of them could resolve the issue. i called 15 times and raised around 10tickets still there is no response from these guys. it's just a fraud app and i had the worst experience. zero stars i would give if I can",1,2026-08-18,,,rules
play_store,com.myntra.android,very nice 👌 product 😍😍😍,5,2026-08-18,,,rules
play_store,com.myntra.android,late divlery for parcel,1,2026-08-18,,,rules
play_store,com.myntra.android,provides good product quality,5,2026-08-18,,quality_doubt,rules
play_store,com.myntra.android,humne bellabloom kei lipstick lei inhone hume damage product dia or humne return krne ko bola to unhone Hume bola yeh return nhi hota exchange hoga or humne exchange ko bola to inhone bola eak hei shade h or inka staff accha h but inhone product return nhi kra na hei hume refund dia . i prefer you to not buy any product from myntra myntra sae better Baki apps hai maine 1 star staff ko dia h is app ko nhi .,1,2026-08-18,,delivery_return_fear,rules
play_store,com.myntra.android,"very dissatisfied with Myntra. the customer care is waste. the only resolution they have is return the product. they can't handle delivery executives, they just force us to cancel the order so that they can gain platform fee every single time. Very frequent issue of mismatch between the description and actual product. I have raised complaints more than 10 times in this year. Myntra is going to loose lot of customers at this rate. never gonna order from Myntra again.",1,2026-08-18,,,rules
play_store,com.myntra.android,"They don't deliver order in time and don't give delivery date,they just say your delivery is delayed and waste your time .",1,2026-08-18,,,rules
play_store,com.myntra.android,superb platform for shopping any kind of necessaries,5,2026-08-18,,,rules
play_store,com.myntra.android,"Very poor customer care service, exchange and refund service very worst.",1,2026-08-18,,delivery_return_fear,rules
play_store,com.myntra.android,really nice experience. thank you Myntra.,5,2026-08-18,,,rules
play_store,com.myntra.android,better app to compare any fashion apps,5,2026-08-18,,,rules
play_store,com.myntra.android,Nice quality of dress,5,2026-08-18,,quality_doubt,rules
play_store,com.myntra.android,jo product photo me dhikaya jata hai wahi same to same aata hai,5,2026-08-18,,,rules
play_store,com.myntra.android,genuine products. and great quality.,5,2026-08-18,,quality_doubt,rules
play_store,com.myntra.android,fantastic app for fashion,5,2026-08-18,,,rules
play_store,com.myntra.android,"Myntra par return pickup ka bahut kharab experience raha. 2 din se pickup continuously fail ho raha hai, jabki maine return ke liye proper request ki hui hai. Customer support se contact karne ke baad bhi issue solve nahi hua. Return pickup ke liye customer ko baar-baar wait karna pad raha hai aur koi proper resolution nahi mil raha. Agar return request accept karte ho, to pickup time par hona bhi Myntra ki responsibility honi chahiye. Very disappointing experience.",1,2026-08-18,,delivery_return_fear,rules
play_store,com.myntra.android,very beautiful metiriyal,5,2026-08-18,,,rules
play_store,com.myntra.android,"Great shopping experience with Myntra! I’m really happy with my purchase. The product quality was excellent, exactly as shown in the pictures, and the fit was perfect. The ordering process was smooth and delivery was on time. Overall, a convenient and reliable shopping experience.",5,2026-08-18,,quality_doubt|image_reality_gap,rules
play_store,com.myntra.android,very good lipstick,4,2026-08-18,,,rules
play_store,com.myntra.android,cheater application they didn't deliver my order and placed delivered,1,2026-08-18,,,rules
play_store,com.myntra.android,it's an amazing app.,5,2026-08-18,,,rules
play_store,com.myntra.android,"Really happy with this purchase! The quality is excellent, the fitting is perfect, and the product looks exactly like the pictures. The material feels premium and comfortable, and the finishing is also very good. Totally worth the price and definitely recommended. Great experience with Myntra! ❤️",5,2026-08-18,,size_fit_uncertainty|quality_doubt|price_value_anxiety,rules
play_store,com.myntra.android,"I had the worst experience, I ordered a product, the date was 17th August, it got cancelled today on 18th August, other shopping apps are better than this 💯 time waste app💯 I'm not change my review first of all your shopping app is not good",2,2026-08-18,,,rules
play_store,com.myntra.android,waste app... order cheithal kittilla. automatic cancel avunnuu. kathirikkunnitte karyamillaaa...,1,2026-08-18,,,rules
play_store,com.myntra.android,customer satisfaction app 👍,5,2026-08-18,,,rules
play_store,com.myntra.android,valid app to buy things,5,2026-08-18,,,rules
play_store,com.myntra.android,It is a very good platform,4,2026-08-18,,,rules
play_store,com.myntra.android,service is good,4,2026-08-18,,,rules
play_store,com.myntra.android,"Bestttt in Service, Quality, Shopping",5,2026-08-18,,quality_doubt,rules
play_store,com.myntra.android,I am very happy after using this app .thanks you🥰,5,2026-08-18,,,rules
play_store,com.myntra.android,in short very satisfying 😌,5,2026-08-18,,,rules
play_store,com.myntra.android,"Worst and absolutely pathetic experience with Myntra. I ordered a product worth ₹1,300, but the product was missing from the package when delivered. I immediately raised a complaint and clearly explained the issue. Instead of investigating with the warehouse/packing or delivery team, Myntra simply said that nothing could be done. I paid for a product I never received, yet there was no proper resolution. This is not about ₹1,300—it’s about trust and accountability. Very disappointing service.",1,2026-08-18,,,rules
play_store,com.myntra.android,this app is suddenly not working on my phone. the briefcase locked icon is showing. pls help.,4,2026-08-18,,,rules
play_store,com.myntra.android,Thanks for Myntra😀,5,2026-08-18,,,rules
play_store,com.myntra.android,Nice app With branded companies,5,2026-08-18,,,rules
play_store,com.myntra.android,"Myntra is one of my favourite shopping apps! 🛍️✨ The app is easy to use, has a great variety of products, and the offers and discounts are really helpful. I also love the Glam Clan feature—it makes shopping even more fun! Overall, a great experience with Myntra. ❤️",5,2026-08-18,,,rules
play_store,com.myntra.android,very good service,5,2026-08-18,,,rules
play_store,com.myntra.android,excellent quality and fit,5,2026-08-18,,quality_doubt,rules
play_store,com.myntra.android,nice products availability,5,2026-08-18,,,rules
play_store,com.myntra.android,this app was fast and responsive,5,2026-08-18,,,rules
play_store,com.myntra.android,"myntra is very cheap app, i ordered 2 items from JJ enterprises myntra but they send me only one item in a package when I receive I paid for two items but I get only one item I did not get my second item then I call in myntra and they said we can't, do anything in this, like seriously I paid for two and didn't get my second item then who will give my money and who will responsible for this but they doesn't care about costumer I lost my 1282 rupees don't use myntra",1,2026-08-18,,,rules
play_store,com.myntra.android,I like this platform for shopping 🧿✨💗,5,2026-08-18,,,rules
play_store,com.myntra.android,"The reason is that the delivery guy refused to speak in Hindi during the first call. On the second call, he gave me the nonsense excuse that Ekart does not deliver to my area, even though every other delivery service is allowed here. He even told me, “If Rapido comes here, then order it from Rapido.” Because of this response, I am cancelling my next order as well. Thanks to Myntra for providing such an “excellent” delivery service. also thanks ekart.",1,2026-08-18,,,rules
play_store,com.myntra.android,fraud application hai. don't use it. product return ke baad refund amount bejhte nahi hai and farzi ke transaction number share kar dete hai. and bank ko kuch Pata nahi hota hai inke diye transaction number se. don't use it.,1,2026-08-18,,delivery_return_fear,rules
play_store,com.myntra.android,very nice product delivered before expected,5,2026-08-18,,,rules
play_store,com.myntra.android,very nice website,5,2026-08-18,,,rules
play_store,com.myntra.android,my experience with my myntra is mind-blowing,5,2026-08-18,,,rules
play_store,com.myntra.android,very good experience and product are brand,5,2026-08-18,,,rules
play_store,com.myntra.android,best and genuine products... no material comprises,5,2026-08-18,,quality_doubt,rules
play_store,com.myntra.android,great app for shopping 🛍️,1,2026-08-18,,,rules
play_store,com.myntra.android,crazy collections deals and offers they have and the quality of the products is fantastic no doubt!!!!!!!!,5,2026-08-18,,quality_doubt,rules
play_store,com.myntra.android,"easy to find different kinds of clothes, wide variety of brand, overall great",5,2026-08-18,,,rules
play_store,com.myntra.android,very very nice kurta set,5,2026-08-18,,,rules
play_store,com.myntra.android,Pleasent experience. Easy exchange/returns.,5,2026-08-18,,delivery_return_fear,rules
play_store,com.myntra.android,amazing app and amazing products,5,2026-08-18,,,rules
play_store,com.myntra.android,The rewards section doesn't work all the time when I am on the last day. I am a regular customer but they have removed the daily cash reward too..,1,2026-08-18,,,rules
play_store,com.myntra.android,nice product and good Myntra app,5,2026-08-18,,,rules
play_store,com.myntra.android,"very good,easy to use and on time delivery",5,2026-08-18,,,rules
play_store,com.myntra.android,wonderful app 👏 👌 👍 😊 🙌 ❤️ 👏,5,2026-08-18,,,rules
play_store,com.myntra.android,"shopping on myntra is next level i toh love using myntra top notch quality, unlimited offers, best price, over all is very good",5,2026-08-18,,quality_doubt,rules
play_store,com.myntra.android,excellent service very trustworthy app,5,2026-08-18,,,rules
play_store,com.myntra.android,Nice shopping app,5,2026-08-18,,,rules
play_store,com.myntra.android,very good shoping app and sell trusted brand,5,2026-08-18,,,rules
play_store,com.myntra.android,original products delivered by this app,5,2026-08-18,,,rules
play_store,com.myntra.android,I always prefer myntra for shopping.. super product and customer friendly service.,5,2026-08-18,,,rules
play_store,com.myntra.android,Products are too good.... Quick delivery.... Affordable prices and some products are not in affordable prices... Thank you Myntra,5,2026-08-18,,,rules
play_store,com.myntra.android,are bhai first order 300 ka 88 rs may milgaya 😄,5,2026-08-18,,,rules
play_store,com.myntra.android,our trust myntra is the best,5,2026-08-18,,,rules
play_store,com.myntra.android,"Such pathetic customer service, customers can't even chat to support. Even after the call I haven't been given a solution. Even the delivery boy was rude.",1,2026-08-18,,,rules
play_store,com.myntra.android,very good app and affordable,5,2026-08-18,,,rules
play_store,com.myntra.android,I am so happy this app is amazingly,5,2026-08-18,,,rules
play_store,com.myntra.android,every product I ordered is really good and worth buying,5,2026-08-18,,,rules
play_store,com.myntra.android,very nice product,5,2026-08-18,,,rules
play_store,com.myntra.android,nice experience on Myntra,5,2026-08-18,,,rules
play_store,com.myntra.android,"One of the best online shopping apps for fashion and lifestyle products. It offers a wide range of clothing, footwear, accessories, and beauty products from popular brands. The app is user-friendly, with easy navigation and secure payment options. Delivery is usually fast, and the return/exchange process is simple and hassle-free. Regular discounts and sales make shopping more affordable. Overall, Myntra provides a convenient and enjoyable shopping experience. ⭐⭐⭐⭐⭐",5,2026-08-18,,delivery_return_fear,rules
play_store,com.myntra.android,"very bad app they delayed my order and I want to go urgently and customer care is also very bad delivery date was 17 aug today is 18aug and they are telling me that we can't deliver it today we will deliver it tomorrow , worst app I won't use it again that was my last order😭 I have sended u the order no.",1,2026-08-18,,,rules
play_store,com.myntra.android,"It's just an awesome one for all. Though I am not very fluent with window shopping, because of product quality issues and pricing, but when I want something for me, I have one window shopping stop naming MYNTRA. I love MYNTRA.",4,2026-08-18,,quality_doubt|wishlist_bookmark_behavior,rules
play_store,com.myntra.android,exceptional and good quality product,5,2026-08-18,,quality_doubt,rules
play_store,com.myntra.android,bestest experience,5,2026-08-18,,,rules
play_store,com.myntra.android,only genuine products and a lot of discount,5,2026-08-18,,price_value_anxiety,rules
play_store,com.myntra.android,wrong product everytime,1,2026-08-18,,,rules
play_store,com.myntra.android,best app for branded products,5,2026-08-18,,,rules
play_store,com.myntra.android,very good give many cupon code,5,2026-08-18,,,rules
play_store,com.myntra.android,good and premium products,5,2026-08-18,,,rules
play_store,com.myntra.android,fast and good delivery,5,2026-08-18,,,rules
play_store,com.myntra.android,very bad & disappointed service Orders keep getting delayed without a valid reason and no proper update 👎,1,2026-08-18,,,rules
play_store,com.myntra.android,"What is wrong with Myntra’s refund process? The app shows that my refund was credited on 14 August, but I still haven’t received it in my bank account, and it’s already 18 August. I contacted my bank, and they confirmed that no credit has been received. I’ve also been trying to contact Myntra support since yesterday, but the AI assistant keeps saying it’ll connect me to an agent, after which it says all lines are busy. Please resolve this urgently.",1,2026-08-18,,delivery_return_fear,rules
play_store,com.myntra.android,extra charge kar rahe hain,5,2026-08-18,,,rules
play_store,com.myntra.android,whole platform is designed to fraud with small innocent perons. sellers intentionally not giving brand tags & thereafter myntra keeps rejecting return request because brand tags is missing. so basically whole system is fraud. commitment of 14 days return & exchange is totally fake and baseless. I am struggling to return one product since 1 week. fed up with customer team.,1,2026-08-18,,delivery_return_fear,rules
play_store,com.myntra.android,"Poor delivery service, Always do COD with them",1,2026-08-18,,,rules
play_store,com.myntra.android,myntra is doing scam. they have delivered only one unit out of two to me on 9th Aug. since then I have been following up with them on all platforms but their logistics partner ekart logistics is doing fake delivery attempts and myntra is just giving me false assurances. I have even written to grievance cell with no result. my money is stuck..I would not recommend to buy anything from them,1,2026-08-18,,,rules
play_store,com.myntra.android,"best one , genuinely aap",5,2026-08-18,,,rules
play_store,com.myntra.android,jo ap myntra cradit ka paise dete the payment krne ke liye us pr limit Mt lagaye plz uski limit hata denge to 5star rate dungi,1,2026-08-18,,,rules
play_store,com.myntra.android,nice offers on the app,4,2026-08-18,,,rules
play_store,com.myntra.android,excellent and very good,5,2026-08-18,,,rules
play_store,com.myntra.android,the quality and prices are too good in myntra,5,2026-08-18,,quality_doubt,rules
play_store,com.myntra.android,too much useful for shopping 🛍️,5,2026-08-18,,,rules
play_store,com.myntra.android,Best Shopping Platform.,5,2026-08-18,,,rules
play_store,com.myntra.android,Great quality of products,5,2026-08-18,,quality_doubt,rules
play_store,com.myntra.android,"cera,ve face wash is amezing",5,2026-08-18,,,rules
play_store,com.myntra.android,best shopping app ..,5,2026-08-18,,,rules
play_store,com.myntra.android,wrost service don't order in this app and don't use this app very bad experience,1,2026-08-18,,,rules
play_store,com.myntra.android,very good delivery,5,2026-08-18,,,rules
play_store,com.myntra.android,Not trusted app......worst app,1,2026-08-18,,,rules
play_store,com.myntra.android,Excellent collection and the quality,5,2026-08-18,,quality_doubt,rules
play_store,com.myntra.android,nice app for everything type of dress nd everything,5,2026-08-18,,,rules
play_store,com.myntra.android,best for shopping anything,5,2026-08-18,,,rules
play_store,com.myntra.android,good quality product provide 👍,5,2026-08-18,,quality_doubt,rules
play_store,com.myntra.android,love every product from Myntra ❤️❤️,5,2026-08-18,,,rules
play_store,com.myntra.android,very amazing app,5,2026-08-18,,,rules
play_store,com.myntra.android,the product was good and comfy,5,2026-08-18,,,rules
play_store,com.myntra.android,"placed an order of luxury bag. first they failed to deliver it on given date. when reached to customer support literally zero support was provided. next they I saw myntra falsely marked that they attempted to deliver it and it failed. when I tried reaching out to delivery agent even after putting registered mobile number and pin my call didn't go through.basically I paid huge amount and they have lied in every way possible. I'm planning to move consumer forum now.worst part,it was gift for rakhi",1,2026-08-18,,,rules
play_store,com.myntra.android,"“Myntra par shopping experience bahut achha raha. Products ki variety achhi hai, quality bhi good hai aur delivery fast milti hai. App use karna bhi easy hai. Overall great experience! ❤️⭐⭐⭐⭐⭐”",5,2026-08-18,,quality_doubt,rules
play_store,com.myntra.android,very good app for shopping according to trend,5,2026-08-18,,,rules
play_store,com.myntra.android,"Myntra claims to provide original products but I am observing from last few shopping experiences that the products are not original here, either they are first copies or defective products which are discarded by their manufacturers. Myntra has now started fraud in terms of return as well, I ordered a pair of animal shaped drop earrings from myntra, I received the product without brand name and of bad quality, I requested for a return, the pickup person refused because the product doesn't match.",1,2026-08-18,,quality_doubt|delivery_return_fear,rules
play_store,com.myntra.android,loved the app Myntra rewards cashback on every purchase...there products are also good 👍,5,2026-08-18,,,rules
play_store,com.myntra.android,I ordered something from Myntra but received different product without tags and when applied for return they declined my request saying I received the correct item. I also tried contacting the customer helpline but they have the worst customer service and here I'm stuck with the different product as well...my money is wasted.,1,2026-08-18,,,rules
play_store,com.myntra.android,nice product nice price,5,2026-08-18,,,rules
play_store,com.myntra.android,Nice experience with this shopping app,5,2026-08-18,,,rules
play_store,com.myntra.android,super Quality brand s,5,2026-08-18,,quality_doubt,rules
play_store,com.myntra.android,Myntra app ka jo product hai wo 100% precent bhadiya milta hai,5,2026-08-18,,,rules
play_store,com.myntra.android,good quality and best offers discount by myntra fashion shopping,5,2026-08-18,,quality_doubt|price_value_anxiety,rules
play_store,com.myntra.android,original product app,5,2026-08-18,,,rules
play_store,com.myntra.android,one of the best app. quality is also looking like a wow 🥰,5,2026-08-18,,quality_doubt,rules
play_store,com.myntra.android,worst e cart service,1,2026-08-18,,,rules
play_store,com.myntra.android,myntra fashion shopping app is the best fashion app.,5,2026-08-18,,,rules
play_store,com.myntra.android,bad customer service reply to exchange took 50 min and not processed the exchange,1,2026-08-18,,delivery_return_fear,rules
play_store,com.myntra.android,worst app very bad,1,2026-08-18,,,rules
play_store,com.myntra.android,"Extremely disappointing experience with Myntra. My order was confirmed and even shipped, but it was later cancelled automatically citing a “technical issue”. I contacted customer support for a proper resolution, but they refused to honour the original offer or provide any meaningful compensation. Instead, I was offered a ₹100 coupon as a goodwill gesture, which does not address the issue at all. This kind of arbitrary order cancellation and poor resolution is unacceptable.",1,2026-08-18,,price_value_anxiety,rules
play_store,com.myntra.android,"Nice app to do online shopping, has always found the attire i wanted",5,2026-08-18,,,rules
play_store,com.myntra.android,"BAD EXPERIENCE!!worst app, has no accountability about it's products after booking very bad delivery service as well .Issue gets raised and no one to solve ...zero customer service.",1,2026-08-18,,,rules
play_store,com.myntra.android,My favourite clothing store👌👌✌️,5,2026-08-18,,,rules
play_store,com.myntra.android,worst app ever promised to be delivered with gift taken amount to,1,2026-08-18,,,rules
play_store,com.myntra.android,very very helpful app☺️☺️,5,2026-08-18,,,rules
play_store,com.myntra.android,Good app for the shopping,5,2026-08-18,,,rules
play_store,com.myntra.android,Superb experience,5,2026-08-18,,,rules
play_store,com.myntra.android,"very good service, product quality.It is the best platform to buy things.I love it",5,2026-08-18,,quality_doubt,rules
play_store,com.myntra.android,Very good app and product is also genuine and fast delivery.,5,2026-08-18,,,rules
play_store,com.myntra.android,worst experience delivery is delayed it has been one month a product has not been delivered,1,2026-08-18,,,rules
play_store,com.myntra.android,good products available in myntra,5,2026-08-18,,,rules
play_store,com.myntra.android,the customer care executive are not the real agents they are (Ai) when ever I request a call the same voice of all agents talk and in same format they talk,1,2026-08-18,,,rules
play_store,com.myntra.android,"I wish there was an option for zero review, would have given that only. I was delivered a wrong product and when i tried returning, myntra refused to process the same. I even wrote an email to them attaching the video of me opening the product that was delivered to me, still nothing from their end, their customer support is useless. Such a waste of time and money this was.",1,2026-08-18,,,rules
play_store,com.myntra.android,bhul k bhi yah apps use mat karna guy's mere paise kha gye or na call receive karte he na Gmail ka reply karte he bhai request he mat karna use Fake apps he yah mere pass poor bhi he,1,2026-08-18,,,rules
play_store,com.myntra.android,It was a good and nice experience the products and quality are the best,5,2026-08-18,,quality_doubt,rules
play_store,com.myntra.android,i have an exchange order and when the delivery person tries to give me the exchange. there is an issue that the number on the tag is not verified. i still have the tag intact from the jeans. have tried to contact myntra but whenever I call answered by an AI assistant which has repeated questions. And no information about my exchange.,1,2026-08-18,,delivery_return_fear,rules
play_store,com.myntra.android,it is awesome aap for clothing,5,2026-08-18,,,rules
play_store,com.myntra.android,Varieties to choose from,5,2026-08-18,,,rules
play_store,com.myntra.android,excellent app for trendy shopping,5,2026-08-18,,,rules
play_store,com.myntra.android,the quality of the products of Myntra are super and genuine coupons are incredible and arrive on time,5,2026-08-18,,quality_doubt,rules
play_store,com.myntra.android,one of the best online shopping app,5,2026-08-18,,,rules
play_store,com.myntra.android,he take rs 23 as platform fee. item cost is higher than other app. I would love to give him negative star,1,2026-08-18,,,rules
play_store,com.myntra.android,"Great offers, excellent collection, superfast.",5,2026-08-18,,,rules
play_store,com.myntra.android,good and trusted platform,5,2026-08-18,,,rules
play_store,com.myntra.android,"Absolutely love shopping on Myntra! The app is super smooth, easy to navigate, and offers a huge collection of authentic brands... Delivery experience is good.. packaging is neat, and whenever there's a sizing issue, the exchange and return process is completely hassle-free.. Definitely my go-to app for fashion!",5,2026-08-18,,size_fit_uncertainty|delivery_return_fear,rules
play_store,com.myntra.android,best shopping app in myntra,5,2026-08-18,,,rules
play_store,com.myntra.android,i Like the Reasonable price,5,2026-08-18,,,rules
play_store,com.myntra.android,This app Product advertisement coming discount on this app when I'm booking the product it's confirmed same offer at the booking time after 2 days it's getting ato cancelled without any issue I'm seeing worst application.,1,2026-08-18,,price_value_anxiety,rules
play_store,com.myntra.android,great service with best costumer support team always responsible and all goods are branded 💯👍,5,2026-08-18,,,rules
play_store,com.myntra.android,Best fits for genzzz,5,2026-08-18,,,rules
play_store,com.myntra.android,worst delivery experience delevery partner cancel the order without permission bad experience with myntra @ekart👎,1,2026-08-18,,,rules
play_store,com.myntra.android,amazing experience with myntra and Myntra has given a best opportunity to explore my beauty in different ways,5,2026-08-18,,,rules
play_store,com.myntra.android,good but high price,4,2026-08-18,,,rules
play_store,com.myntra.android,"Absolute fraud app They censor genuine reviews for some fake rejection reason and ensure they only publish good ones. the products received are always damaged, broken or pre-used. they seem to be the most unethical of ask e- commerce platform.",1,2026-08-18,,,rules
play_store,com.myntra.android,best for clothing,5,2026-08-18,,,rules
play_store,com.myntra.android,1star service my orders was deley nd customer service not supported,1,2026-08-18,,,rules
play_store,com.myntra.android,I have been using Myntra for 5 years.Wandarful apps good service I m happy,4,2026-08-18,,,rules
play_store,com.myntra.android,"one of the best shopping apps, the return and exchange policy is best out there",5,2026-08-18,,delivery_return_fear,rules
play_store,com.myntra.android,sizes r not available for many liked products,4,2026-08-18,,,rules
play_store,com.myntra.android,appreciate quality and product are trustful,5,2026-08-18,,quality_doubt,rules
play_store,com.myntra.android,very nice app this app is providing nice clothes and beauties product and giving to offers in every clothes,5,2026-08-18,,,rules
play_store,com.myntra.android,very nice app I love this aap bhut hi achhi sarvice hai samaan ki quality bhi bhut achi hoti hai time se saaman bhi aa jata hai i love this app maine jitni baar bhi samaan magaya hai mujhe aaj tak nirasha nhi hui hai so mai aage bhi es app se shopping karte rahna chaungi aur sabse achhi baat ye hai ki fasion up to date hota hai sarvice bhi achhi hoti hai return policy bhi achhi hoti hai koi bhi chiz aap return karna chaho bahut hi aasani se ho jata hai isi liye ye app mujhe achha lgta hai thanku,5,2026-08-18,,quality_doubt|delivery_return_fear,rules
play_store,com.myntra.android,"⭐⭐⭐⭐⭐ Myntra is one of my favourite shopping apps. The collection is really good, prices and offers are attractive, and ordering is easy. Delivery is also quite convenient. Overall, I have had a good shopping experience with Myntra and would definitely recommend it. ❤️",5,2026-08-18,,,rules
play_store,com.myntra.android,this app very helpful,5,2026-08-18,,,rules
play_store,com.myntra.android,"Very disappointing experience with Myntra. I ordered 5 Libas sarees at an offer price, and all 5 were confirmed and shipped. Later, Myntra automatically cancelled them citing a “technical issue”. I requested the same offer/price or compensation for the price difference, but no proper solution was provided. Cancelling shipped orders and refusing to honour the offer is unfair and feels like arbitrary handling of customer orders. Myntra should take responsibility and provide a genuine resolution.",1,2026-08-18,,,rules
play_store,com.myntra.android,good app for family reasons Shoping i m impressed 👍🏻❤️,5,2026-08-18,,,rules
play_store,com.myntra.android,best online shopping app 👌,5,2026-08-18,,,rules
play_store,com.myntra.android,amazing app authentic products 😁,5,2026-08-18,,,rules
play_store,com.myntra.android,"excellent app , good customer service best quality product",5,2026-08-18,,quality_doubt,rules
play_store,com.myntra.android,it's a very good app i am really for it,5,2026-08-18,,,rules
play_store,com.myntra.android,very good quality dresses...,5,2026-08-18,,quality_doubt,rules
play_store,com.myntra.android,myntra means trust,5,2026-08-18,,,rules
play_store,com.myntra.android,"It's been a week since I've ordered a few items I received some and other status remains in the packed stage, when I tried to reach the help centre it asked me to click call me now and I've been trying and trying but no response 😭 i didn't expect such poor service from myntra i hate it honestly",1,2026-08-17,,,rules
play_store,com.myntra.android,"I received the wrong shade of the compact powder, and unfortunately, it is much darker than my skin tone. I tried contacting Myntra customer service and also tried several ways to request an exchange, but my issue was not resolved. I’m disappointed because the product itself may be good, but receiving an unsuitable shade without an exchange option makes the experience frustrating. Myntra should provide better support for genuine shade-related issues.",1,2026-08-17,,delivery_return_fear|styling_occasion_doubt,rules
play_store,com.myntra.android,Not sure why but most of the items are not deliverable to Gujarat,1,2026-08-17,,,rules
play_store,com.myntra.android,love it genz cloths r best,5,2026-08-17,,,rules
play_store,com.myntra.android,such a nice and helpful experience 🫶🏻,5,2026-08-17,,,rules
play_store,com.myntra.android,It is a good app and the delivery is also fast. One of the best app for shopping,5,2026-08-17,,,rules
play_store,com.myntra.android,"lovev it , acha hai ,quality provide by this app , go for it , bhot achi sarvice hai myntra ki , maza aa gaya",5,2026-08-17,,quality_doubt,rules
play_store,com.myntra.android,"Myntra is a very convenient and user-friendly shopping app. The collection is great, the app is easy to use, and the overall shopping experience is smooth. I’m happy with the service and would definitely recommend Myntra to others. 😊",5,2026-08-17,,,rules
play_store,com.myntra.android,amazing appreciate,5,2026-08-17,,,rules
play_store,com.myntra.android,this app is very good I'm very happy for this app real brand products 💖💖💖🥰🥰🥰🤗🤗🤗🤗🤗,5,2026-08-17,,,rules
play_store,com.myntra.android,it is good app for latest fashion,5,2026-08-17,,,rules
play_store,com.myntra.android,"excellent, myntra is good , product quality is also good, thank you myntra",5,2026-08-17,,quality_doubt,rules
play_store,com.myntra.android,I love almost everything about the app. Only improvement I would suggest is to add more elaborate product descriptions.,5,2026-08-17,,,rules
play_store,com.myntra.android,"You were supposed to answer my query by August 17th, yet now you are asking for another 48 hours. Please do not harass the customer to the point where they stop shopping on the app (Myntra) altogether. Issues should be resolved promptly. Please provide a solution to my problem by August 18th. Why is it taking so long to resolve such a minor issue? I purchased a product, and it was of poor quality—everything is clearly visible in the photos. What are you deliberating on? After this, I will never",1,2026-08-17,,quality_doubt,rules
play_store,com.myntra.android,myntra is one of the best fashion clothing and reasonable price of the offers,5,2026-08-17,,,rules
play_store,com.myntra.android,"Products are of avg quality and they didn't even replace shoes which was not fitting well, saying I have used it. The policies need improvement. Thanks for now, uninstalling the app for now.",1,2026-08-17,,size_fit_uncertainty|quality_doubt,rules
play_store,com.myntra.android,Very useful app to order branded clothes.,5,2026-08-17,,,rules
play_store,com.myntra.android,ye sabse gatiya wahiyat app hai ye isse kuch order mt kro,1,2026-08-17,,,rules
play_store,com.myntra.android,"worst app , return experience was worst than any other app . not going to buy any product ever.. I repeat EVER",1,2026-08-17,,,rules
play_store,com.myntra.android,the best quality cloth really found here only,5,2026-08-17,,quality_doubt,rules
play_store,com.myntra.android,it's t shirt quality is mind blowing. I loved all the products 😇,5,2026-08-17,,quality_doubt,rules
play_store,com.myntra.android,top quality available in myntra,5,2026-08-17,,quality_doubt,rules
play_store,com.myntra.android,I love this platform very much. It exclusively supply the best product ever. Have a very great experience by buying products in Myntra lovable app💞💞,5,2026-08-17,,,rules
play_store,com.myntra.android,"Don't know what's wrong with Myntra, for no reason account blocked. Atleast have the decency to mail me the reason.",1,2026-08-17,,,rules
play_store,com.myntra.android,they actually give worthy and quality products,5,2026-08-17,,quality_doubt,rules
play_store,com.myntra.android,best aap hai. best quality ke product milta hai,5,2026-08-17,,quality_doubt,rules
play_store,com.myntra.android,"poor customer service hard to reach real agent Extremely disappointing customer service. My issue is still not resolved, and no actual customer care executive has contacted me. I am only getting automated/bot responses, which is not a solution. Despite paying a platform fee, if customers cannot even get proper human support or resolution for a genuine delivery issue, then what is the point of the fee?I have already explained the issue multiple times, yet I am still being asked for feedback",1,2026-08-17,,,rules
play_store,com.myntra.android,I like shopping with mantra because myntra product are good,5,2026-08-17,,,rules
play_store,com.myntra.android,this is very amazing app 🤩,5,2026-08-17,,,rules
play_store,com.myntra.android,useless delivery system,2,2026-08-17,,,rules
play_store,com.myntra.android,"This is the third time I've faced an issue with them. I have been refused an exchange delivery because the delivery partner said that the dress does not have a brand tag intact with it. The brand is only mentioned on the MRP tag. Also I'm getting a dm from an unknown customer service account on Instagram that claims to be a part of their team and is asking to fill out a compensation form. The customer service is simply hopeless! i tried calling, but my call isn't being transferred.",1,2026-08-17,,delivery_return_fear,rules
play_store,com.myntra.android,Thanks for best deals,5,2026-08-17,,,rules
play_store,com.myntra.android,best for online shooping,5,2026-08-17,,,rules
play_store,com.myntra.android,"it's a very you's full shopping 🛒 aap much supported app ,✨💝👍",5,2026-08-17,,,rules
play_store,com.myntra.android,super quality 👌,5,2026-08-17,,quality_doubt,rules
play_store,com.myntra.android,excellent app 👍 good for everyone uses matram echipadesindhi ga,5,2026-08-17,,,rules
play_store,com.myntra.android,The delivery process is extremely slow . There are no proper options to contact or escalate your grievances. The delivery partners are irresponsible and taking their own time to deliver items and do false claims on delivery attempts made. Such an unprofessional approach from a famous platform where customer concern is highly pathetic.,1,2026-08-17,,,rules
play_store,com.myntra.android,"this app was good before now if the exchange item has not been given to the delivery boy it marked as quantity failed , no support system only predefined bots are there , if we try to call the delivery agent it asks for the pin provided in app and when we enter it , it says pin is wrong, I don't know what is wrong with this app",1,2026-08-17,,delivery_return_fear,rules
play_store,com.myntra.android,nice app for shopping.,5,2026-08-17,,,rules
play_store,com.myntra.android,always delay all orders for more then 15 days to 1 month.,1,2026-08-17,,,rules
play_store,com.myntra.android,"**“Really happy with the purchase! The quality is good, fitting is perfect, and the product looks exactly like the pictures. Definitely worth the price. Loved it! ❤️”**",5,2026-08-17,,size_fit_uncertainty|quality_doubt|price_value_anxiety,rules
play_store,com.myntra.android,"Myntra is nice, trustworthy and pocket friendly aap",4,2026-08-17,,,rules
play_store,com.myntra.android,"This app is good but Myntra now service is very bogus. Since the morning I have ordered 2 items first order has to cancel due to till afternoon no delivery updates. 2nd order I placed for which also no delivery executives have assigned yet. Additionally there is no direct contact available for customer representatives, we have to complaint through chat boat only so no good response.",2,2026-08-17,,,rules
play_store,com.myntra.android,it recently has sucha good collection like the products are literally as it is,5,2026-08-17,,,rules
play_store,com.myntra.android,good products nice delivery,5,2026-08-17,,,rules
play_store,com.myntra.android,last 4 year i have been using this app. all the products on this site are amazing.with genuine quality and reliable price you can go for anything which is available on this platform.if anything happened all the customers executive team help you in a better way. all those who go for shopping can choose this app upon another app. return and exchange option are very reliable for anyone.... i have a great experience with this app... i genuinely appreciate all the things about this .. yogesh verma,5,2026-08-17,,quality_doubt|delivery_return_fear,rules
play_store,com.myntra.android,"very good shopping app ever ,I like it",5,2026-08-17,,,rules
play_store,com.myntra.android,myntra is a scam app. You guys are fruad.. You didn't provide me the refund I am complaining on consumer forum after this. I had an order by 9 th august. I have return the product with in 20 min of delivery today is 17 th august not got the refund And over all your customer support are useless they does not response over call or sms Or gmail anywhere. 2 times I got connected they're just asking wait and then they got disappear . this is about scam u guys are scammer,1,2026-08-17,,delivery_return_fear,rules
play_store,com.myntra.android,"Poor customer support from Myntra.I had ordered for a t shirt on 08.08.2026 and done the payment.Delivery date was showing 16 -18 Aug.The seller cancelled the order by themselves on 16th August citing some technical issues.Cancelletion after waiting for 8 days is unbearable.They were showing the status as packed from the second day itself.Eventhough I got the refund,how can we order things from myntra for a pre-planned function.",2,2026-08-17,,delivery_return_fear,rules
play_store,com.myntra.android,Great shopping experience.,5,2026-08-17,,,rules
play_store,com.myntra.android,mera experience achha raha Myntra pr,5,2026-08-17,,,rules
play_store,com.myntra.android,very good app and product 👌,5,2026-08-17,,,rules
play_store,com.myntra.android,orginal products only no fake products,5,2026-08-17,,,rules
play_store,com.myntra.android,exprees delivery in 2 day but too costly,4,2026-08-17,,price_value_anxiety,rules
play_store,com.myntra.android,I haven't received my parcel yet I have also made an online payment it shows that i have received my parcel i have completely lost my trust in this app i have been scammed badly,5,2026-08-17,,,rules
play_store,com.myntra.android,myntra never disappoint me,5,2026-08-17,,,rules
play_store,com.myntra.android,worst experience you can't connect customer care and their service is horrible,1,2026-08-17,,,rules
play_store,com.myntra.android,"good user experience, was able to exchange and reorder with ease",5,2026-08-17,,delivery_return_fear,rules
play_store,com.myntra.android,what a great service by myntra.,5,2026-08-17,,,rules
play_store,com.myntra.android,good shopping app,5,2026-08-17,,,rules
play_store,com.myntra.android,"""Very happy with the stainless steel lunch box from Myntra. Leak-proof and durable. Great shopping experience!""",5,2026-08-17,,quality_doubt,rules
play_store,com.myntra.android,Best Experience👍🏻,5,2026-08-17,,,rules
play_store,com.myntra.android,myntra is my first preference,5,2026-08-17,,,rules
play_store,com.myntra.android,I am satisfied with this online shopping app,4,2026-08-17,,,rules
play_store,com.myntra.android,worth for that prize,4,2026-08-17,,,rules
play_store,com.myntra.android,best app for shopping shoes and clothes,5,2026-08-17,,,rules
play_store,com.myntra.android,"Really i find fabulous fashion here, fasion hub ka baap",5,2026-08-17,,,rules
play_store,com.myntra.android,very trustable app ever।।,5,2026-08-17,,,rules
play_store,com.myntra.android,worth Varma worth 🤩🤩🤩🤩,5,2026-08-17,,,rules
play_store,com.myntra.android,Myntra has a very nice service,3,2026-08-17,,,rules
play_store,com.myntra.android,very good and smooth apk,5,2026-08-17,,,rules
play_store,com.myntra.android,"Myntra has become such a terrible shopping app. I ordered a pair of jeans, but the size didn’t fit me, so I placed a return request. However, the delivery person failed the product during the quality check, and now my return is on hold. What is my fault in this? I returned the exact same product that I received. I don’t understand how or why the quality check was failed. Myntra seems to be becoming fraudulent these days. We shop from Myntra trusting the platform please look into this issue.",1,2026-08-17,,quality_doubt,rules
play_store,com.myntra.android,All the delivery was working till now .I ordered 2 products last month and it was supposed to be delivered on aug 1st and aug 10th almost 17 days delayed...eventhough i raised a complaint nothing,1,2026-08-17,,,rules
play_store,com.myntra.android,"low price, better quality.",5,2026-08-17,,quality_doubt,rules
play_store,com.myntra.android,I enjoy shopping from Myntra and the quality is very good. Thank you so much Myntra🤠🤗🤗🤗🤗🤗,5,2026-08-17,,quality_doubt,rules
play_store,com.myntra.android,"Worst... can't even contact a customer care agent.. and my order was supposed to be delivered on 14th of Aug but till date i.e, 17th Aug I have no update on my order other than the comment order delayed. It's never a user friendly app if we can't even contact the customer care agent.",1,2026-08-17,,,rules
play_store,com.myntra.android,always received the best quality in the app.,5,2026-08-17,,quality_doubt,rules
play_store,com.myntra.android,"⭐ 1/5 Very disappointing experience. I requested an exchange due to a fitting issue, but as I was not available at home during pickup, the exchange was cancelled. Now I’m stuck with the old product despite the fitting issue. Customer care is also not helping—no proper response on call or chat. Very poor service. I won’t be using this app again. I will rate zero",1,2026-08-17,,size_fit_uncertainty|delivery_return_fear,rules
play_store,com.myntra.android,"The service is very slow. I have placed three orders recently, The three Myntra has cancelled the order and is unable to deliver the order as per the order delivery date mentioned",1,2026-08-17,,,rules
play_store,com.myntra.android,it's really awesome 😎😎,5,2026-08-17,,,rules
play_store,com.myntra.android,"Your sellers, SCM team and delivery process are getting worse. Incomplete and wrong orders are being delivered. No help from useless and brainless customer service team. Myntra is snatching their customer's money. This platform has gone to the worst level. I suggest everyone not to place prepaid orders.",1,2026-08-17,,,rules
play_store,com.myntra.android,was good products,4,2026-08-17,,,rules
play_store,com.myntra.android,Very Good and I am so happy😊❤️,5,2026-08-17,,,rules
play_store,com.myntra.android,myntra new AI assistant is pathetic. it keeps on repeating same thing without understanding customer problem. it can't even understand simple email id pronounced during call. it is useless assistance by myntra customer care,1,2026-08-17,,,rules
play_store,com.myntra.android,Good place to buy fashion,4,2026-08-17,,,rules
play_store,com.myntra.android,my favourite shopping app,4,2026-08-17,,,rules
play_store,com.myntra.android,"Hands down the best shopping interface. The 'Liquid Glass' update is super smooth, and the personalized suggestions are actually helpu l.",5,2026-08-17,,,rules
play_store,com.myntra.android,had a very good experience,5,2026-08-17,,,rules
play_store,com.myntra.android,amazing experience with myntra it gives very amazing offers ❤️,5,2026-08-17,,,rules
play_store,com.myntra.android,Myntra's service is very good and the products I order are of the best quality.,5,2026-08-17,,quality_doubt,rules
play_store,com.myntra.android,"Although the parcel was received one day late, it was without any reminder from me. The quality of the product is very good.",5,2026-08-17,,quality_doubt|reengagement_gap,rules
play_store,com.myntra.android,"Now days myntra is selling fake products or low quality products. Stop buying things from this application. now this is the high time for offline shopping. these applications are not convenient or provide any services instead they are just selling fake products. Recently I ordered a black comfy shirt from this app brand here&now and I received a fake cheap quality shirt brand name is ""urban buccachi"" and this is not the single case there are multiple incidents in a row.",1,2026-08-17,,quality_doubt,rules
play_store,com.myntra.android,"fast delivery, easy returns, nice quality.",5,2026-08-17,,quality_doubt,rules
play_store,com.myntra.android,No other app is as good as MYNTRA regarding fashion,5,2026-08-17,,,rules
play_store,com.myntra.android,worst experience bad customer support,1,2026-08-17,,,rules
play_store,com.myntra.android,"Awesome Experience of shopping, once my product was showing problem in delivery, but when I raised an issues to the customer service I got the product within 1 day",5,2026-08-17,,,rules
play_store,com.myntra.android,First time purchase nice experience thank you Mantra I'm very happy 😊,5,2026-08-17,,,rules
play_store,com.myntra.android,fast time order keli tyath pan let ani ata maje cash parth karth nahi ani tyan cha helping no. pan nahi lagth ya pakhsha meesho 10 pattin chagal aap ahe 3rd class app😡😡😡😡😡,1,2026-08-17,,,rules
play_store,com.myntra.android,great collection,5,2026-08-17,,,rules
play_store,com.myntra.android,nice for fashion,5,2026-08-17,,,rules
play_store,com.myntra.android,cannot even return an item,1,2026-08-17,,,rules
play_store,com.myntra.android,I am use this app last 6 month this is a very best app for online shopping for you a I will always use this app for shopping,5,2026-08-17,,,rules
play_store,com.myntra.android,very nice quality and first of all delevery time is best,5,2026-08-17,,quality_doubt,rules
play_store,com.myntra.android,myntra has no customer grievance policy. I have ordered a product and it has been sent by vendor without brand tag. And now delivery man has refused to take the return parcel coz of missing brand tag..i tried to contact customer care but it's call is going on waiting only and no return call recieved...what should I do now. how do I return my parcel.,1,2026-08-17,,delivery_return_fear,rules
play_store,com.myntra.android,Myntra is superb,5,2026-08-17,,,rules
play_store,com.myntra.android,Myntra castomar care is very bad no one can connect with castomar care person they delivered different product & not returning Myntra delivery partner ar too rude they don't deliver my product perpously,1,2026-08-17,,,rules
play_store,com.myntra.android,very interesting,5,2026-08-17,,,rules
play_store,com.myntra.android,bestttt shopping app🥰💗💗,5,2026-08-17,,,rules
play_store,com.myntra.android,excellent shopping app,5,2026-08-17,,,rules
play_store,com.myntra.android,product quality are always good,5,2026-08-17,,quality_doubt,rules
play_store,com.myntra.android,"there's room for optimization in the app, it network related",4,2026-08-17,,,rules
play_store,com.myntra.android,good product delievery best,5,2026-08-17,,,rules
play_store,com.myntra.android,wonderfull app I am using for 2 years,5,2026-08-17,,,rules
play_store,com.myntra.android,very good product 🤩😘,5,2026-08-17,,,rules
play_store,com.myntra.android,It shoping is very good 😊,5,2026-08-17,,,rules
play_store,com.myntra.android,"Myntra is one of the best apps for online clothes shopping. It has a huge collection of clothes, shoes, accessories, and fashion brands for men, women, and kids. The app is easy to use, prices and offers are attractive, and delivery is generally convenient. Overall, Myntra is a great choice for anyone looking for stylish and affordable fashion online.",5,2026-08-17,,,rules
play_store,com.myntra.android,good experience with myntra it deliveres best clothes,5,2026-08-17,,,rules
play_store,com.myntra.android,product was so Nice,5,2026-08-17,,,rules
play_store,com.myntra.android,my favourite online shopping store ❤️💝 Myntra 😍🙂,5,2026-08-17,,,rules
play_store,com.myntra.android,The amount of internal server errors on this app is insane. I can just never see the items in my bag or check the orders. It always shows 'try again later'. fix it!,1,2026-08-17,,,rules
play_store,com.myntra.android,"Very disappointed with my order. I received a completely different product, and the product was old/used and had no tag attached. I have already uploaded the photos as proof. Please look into this issue and resolve my return request as soon as possible.",1,2026-08-17,,,rules
play_store,com.myntra.android,"very good experience, amazing!!!",5,2026-08-17,,,rules
play_store,com.myntra.android,sandeep super 👌,5,2026-08-17,,,rules
play_store,com.myntra.android,"very disappointed with the service of myntra receiving completely different product n different size not once but multiple times, even my friend also facing same issues, being the oldest customer i never faced such issues before.",1,2026-08-17,,,rules
play_store,com.myntra.android,"I’m disappointed with Myntra’s return order policy. I was charged ₹23 as a platform fee, and I don’t think this fee should be deducted when I’m returning an order. I would like Myntra to refund the ₹23 platform fee as well. Please review this policy and provide a fair resolution to customers.",1,2026-08-17,,delivery_return_fear,rules
play_store,com.myntra.android,nyc one thanks myntra 😊😊😊👍🏻,5,2026-08-17,,,rules
play_store,com.myntra.android,India's Quality E Commerce app,5,2026-08-17,,quality_doubt,rules
play_store,com.myntra.android,bahut asha oil ha or hair growth v hota mene khud mangwaya good product...,5,2026-08-17,,,rules
play_store,com.myntra.android,best app for Clothes,5,2026-08-17,,,rules
play_store,com.myntra.android,"Easy to use and has a great variety of products. The search, filters, reviews, and delivery tracking are really helpful. Overall, a convenient and reliable shopping app.👌🏻",5,2026-08-17,,,rules
play_store,com.myntra.android,Every time delay delivery and delivery agents refuse to deliver order. Customer service just only want feedback they do not care about customer delivery experience,1,2026-08-17,,,rules
play_store,com.myntra.android,"the product looks good but the quality is not good, fabric is too stretchable",3,2026-08-17,,quality_doubt,rules
play_store,com.myntra.android,very good app for purchasing items but the worst part is myntra after sales support Not able to contact customer care support and talk to them even chatting with customer care is also not available The only thing available after delivery othe item is chatting with bot worst aftersale support,4,2026-08-17,,,rules
play_store,com.myntra.android,I love shopping from myntra and the product quality are great 😃,5,2026-08-17,,quality_doubt,rules
play_store,com.myntra.android,all products are too good and original .,5,2026-08-17,,,rules
play_store,com.myntra.android,Ordered Dresses and they are superb.,5,2026-08-17,,,rules
play_store,com.myntra.android,most quality product this app,5,2026-08-17,,quality_doubt,rules
play_store,com.myntra.android,The quality is top notch 👍,5,2026-08-17,,quality_doubt,rules
play_store,com.myntra.android,app ui experience is awesome,5,2026-08-17,,,rules
play_store,com.myntra.android,The quality of clothes Myntra provides is unbeatable...,5,2026-08-17,,quality_doubt,rules
play_store,com.myntra.android,its app doesn't have a good customer service i didn't received my payment for the product which I have returned i tried to contact myntra policy service but they didn't reached out its literally very disappointing to keep someone payments on hold,1,2026-08-17,,,rules
play_store,com.myntra.android,why there is forceful recharge of myntracash. If i m issuing my refund to my original account then why r u forcing some amount to myntracash with an expire date. u r putting my money forceful to wallent and giving me a deadline. R u kidding? whts wrong with u guyz. I hv been customer for a long time but this policies r not acceptable. will stop using ur app for sure,1,2026-08-17,,delivery_return_fear,rules
play_store,com.myntra.android,"i have been using this application from past many years but recently the app got updated and got the new function for using my cash option, before this update we can easily used my cash option with any orders but since the update has happend is start saying that add more amount of product to use your mycash.. it is completely unfair, i request you to start the old method for spending mycash options.",1,2026-08-17,,,rules
play_store,com.myntra.android,this is such a good app it has many dresses i love myntra,5,2026-08-17,,,rules
play_store,com.myntra.android,nice e commerce app perfect time to delivery,5,2026-08-17,,,rules
play_store,com.myntra.android,good better best,5,2026-08-17,,,rules
play_store,com.myntra.android,good nice application,5,2026-08-17,,,rules
play_store,com.myntra.android,plz stop sending messege,4,2026-08-17,,,rules
play_store,com.myntra.android,myntra is very good for shopping,5,2026-08-17,,,rules
play_store,com.myntra.android,amazing experience towards with myntra,5,2026-08-17,,,rules
play_store,com.myntra.android,I got an amazing product deal and quality products on time.,5,2026-08-17,,quality_doubt,rules
play_store,com.myntra.android,"Horrible experience with the delivery, always getting delivered delayed then order gets cancelled on its own, same order, same address if placed from a different account works. there's nothing wrong with my account but I often get this issue, I don't even have any returns or anything and I'm one of the so-called ""Insider"" who has spent a lot on the app. And don't even get me started on the Support, the Al chatbot is useless, can't get in touch with a human at all. Extremely unprofessional.",1,2026-08-17,,,rules
play_store,com.myntra.android,very reliable app,5,2026-08-17,,,rules
play_store,com.myntra.android,best app have coupons on every order,5,2026-08-17,,,rules
play_store,com.myntra.android,"good , nice app",5,2026-08-17,,,rules
play_store,com.myntra.android,"it is a good application , assets on this application is good and affordable , products whom I purchased was good quality so i just saying my experience on this application is nice , I like ittt",5,2026-08-17,,quality_doubt,rules
play_store,com.myntra.android,fantastic app and quality wise very good,5,2026-08-17,,quality_doubt,rules
play_store,com.myntra.android,latest fashion with affordable prices.,5,2026-08-17,,,rules
play_store,com.myntra.android,Experience was very good 👍🏻 amazing quality received,5,2026-08-17,,quality_doubt,rules
play_store,com.myntra.android,ish ne mera 100 rs liya job dunga bola aur fraud kiya aur mera 100rs mai wapas kiya,1,2026-08-17,,,rules
play_store,com.myntra.android,NICE AAP 1ST TIME USE,5,2026-08-17,,,rules
play_store,com.myntra.android,v nice product 👌 go for it,5,2026-08-17,,,rules
play_store,com.myntra.android,"The app shows Express Delivery, but the item is still getting delivered very late. I’ve had the same experience with multiple products, which is extremely disappointing. The express delivery promise doesn’t seem reliable at all. If you need an item urgently, I would not recommend trusting the express delivery option. Very bad experience.",1,2026-08-17,,,rules
play_store,com.myntra.android,very good service 👍,5,2026-08-17,,,rules
play_store,com.myntra.android,fast delivery and value for money products,5,2026-08-17,,,rules
play_store,com.myntra.android,Received the same item & quality as specified.,5,2026-08-17,,quality_doubt,rules
play_store,com.myntra.android,very bad service,1,2026-08-17,,,rules
play_store,com.myntra.android,A good choice!!,5,2026-08-17,,,rules
play_store,com.myntra.android,"Trusted app for shopping , genuine brands and on time delivery. Never faced any issue. love shopping from myntra easy interface to use",5,2026-08-17,,,rules
play_store,com.myntra.android,easiest way to shop,5,2026-08-17,,,rules
play_store,com.myntra.android,Thank you for your lovely product.,5,2026-08-17,,,rules
play_store,com.myntra.android,"Whatever I purchase from Myntra is always of very good quality, and I’ve consistently had a great experience with their products. The materials feel premium, the stitching is neat, and everything looks exactly as shown in the pictures.",5,2026-08-17,,quality_doubt|image_reality_gap,rules
play_store,com.myntra.android,good quality and very comfortable,5,2026-08-17,,quality_doubt,rules
play_store,com.myntra.android,great app for shopping,5,2026-08-17,,,rules
play_store,com.myntra.android,easy returns and good communication and quick response better deals,5,2026-08-17,,,rules
play_store,com.myntra.android,worst experience with this people till now they kept canceling orders with no reason while trying to reach their customer service that is more pathic...,1,2026-08-17,,,rules
play_store,com.myntra.android,i love myntra for shopping,5,2026-08-17,,,rules
play_store,com.myntra.android,my favorite online shopping portal for all.my favorite things,5,2026-08-17,,,rules
play_store,com.myntra.android,"Very poor service. Ordered Levi’s thermal innerwear but received a completely different product. Exchange was cancelled twice, and even after return approval, the pickup was not done. The pickup partner refused doorstep pickup and asked me to travel 3 km to return the product. Multiple complaints to customer care, but still no proper resolution. Extremely disappointing experience with Myntra.",1,2026-08-17,,delivery_return_fear,rules
play_store,com.myntra.android,the product are good and affordable,4,2026-08-17,,,rules
play_store,com.myntra.android,all products are original in maytra,5,2026-08-17,,,rules
play_store,com.myntra.android,still a trusted store,5,2026-08-17,,,rules
play_store,com.myntra.android,"Great shopping experience with Myntra! The products are genuine, good quality, and exactly as described. The delivery was quick, packaging was neat, and the overall experience was smooth. Highly recommended for a reliable and convenient online shopping experience! ⭐⭐⭐⭐⭐",5,2026-08-17,,quality_doubt,rules
play_store,com.myntra.android,worst delivery experience everytime they delay and then cancel the order,1,2026-08-17,,,rules
play_store,com.myntra.android,"customer service are very bad, Instead of helping us, these people give us 24 hours, and again after 24 hours they give us 24 hours, and in this way, it has been more than 20 days since they kept saying 24 hours, 24 hours. And till now I have not received any response from their side.After buying a smartwatch for Rs 3699, I took the money but did not receive the watch.",1,2026-08-17,,,rules
play_store,com.myntra.android,this is very Useful,5,2026-08-17,,,rules
play_store,com.myntra.android,best shoping app,5,2026-08-17,,,rules
play_store,com.myntra.android,best quality products.,5,2026-08-17,,quality_doubt,rules
play_store,com.myntra.android,Amazing products at reasonable prices..great experience 👍👍,5,2026-08-17,,,rules
play_store,com.myntra.android,"very nice i love it,,,",5,2026-08-17,,,rules
play_store,com.myntra.android,nice pants and fashion accessories,4,2026-08-17,,,rules
play_store,com.myntra.android,it's a very good platform for purchase any product at good prices,5,2026-08-17,,,rules
play_store,com.myntra.android,Services are good,5,2026-08-17,,,rules
play_store,com.myntra.android,it's a very amazing and great shopping experience from myntra,5,2026-08-17,,,rules
play_store,com.myntra.android,fast delivery...very good,5,2026-08-17,,,rules
play_store,com.myntra.android,I loved the productsss,5,2026-08-17,,,rules
play_store,com.myntra.android,luv to shop my desired items through this platform,4,2026-08-17,,,rules
play_store,com.myntra.android,good experience in myntra shopping,4,2026-08-17,,,rules
play_store,com.myntra.android,This app is very helpful for shopping 🛒 and I am very happy to use .it gives original products. thank you mantra.,5,2026-08-17,,,rules
play_store,com.myntra.android,nice app! loved it❤‍🔥,5,2026-08-17,,,rules
play_store,com.myntra.android,fabulous app for shopping 🛍️🛍️,5,2026-08-17,,,rules
play_store,com.myntra.android,till now is ok ok but let's see more and more.,5,2026-08-17,,,rules
play_store,com.myntra.android,. best quality per product Myntra,5,2026-08-17,,quality_doubt,rules
play_store,com.myntra.android,Best app for best quality products😍,5,2026-08-17,,quality_doubt,rules
play_store,com.myntra.android,ye bhi nhi de rha h kapda acha,2,2026-08-17,,,rules
play_store,com.myntra.android,Earlier we used to able to redeem MN cash irrespective of minimum order value. but now they have made minimum amount to withdraw the MN cash which is waste. we can't even order a single product or less quantity product with MN cash. we have to add more or additional product and make a minimum fixed amount of cart value then MN cash can be used. Uninstalling the app as there are no coupons which can be used nor MN cash can be redeemed. pay the MRP price only without discounts.,1,2026-08-17,,,rules
play_store,com.myntra.android,i really like to shop on myntra,5,2026-08-17,,,rules
play_store,com.myntra.android,poor customer service . noone give you resolution here . if I select chat option then ai generated msg said all customer agent busy now you can use call me option when I select call me option then a Ai agent talking to me and again no resolution . I will escalated this issue to consumer forum .,1,2026-08-17,,,rules
play_store,com.myntra.android,"Don't buy from Myntra...These guys are fraud, out n out. Last order came with all products minus one. It was in the sealed envelop. When I complained about it, they said ""from our end all the products were delivered"". Happend the same fraud with my brother also...Choose a trusted seller like TATA and they are cheaper also.",1,2026-08-17,,,rules
play_store,com.myntra.android,"original product, can buy without doubt",5,2026-08-17,,,rules
play_store,com.myntra.android,you have a pathetic customer care service now.. I'm trying reaching you since 2 days but your customer care team is always busy,1,2026-08-17,,,rules
play_store,com.myntra.android,excellent quality. Reasonable price. I m fully satisfied,5,2026-08-17,,quality_doubt,rules
play_store,com.myntra.android,sab dubliket Saman milta hai dusra plateform par sam company ka saman sasta hai,1,2026-08-17,,,rules
play_store,com.myntra.android,Myntra is my all time favourite Thank you Myntra,5,2026-08-17,,,rules
play_store,com.myntra.android,Great Service but Price Are Slightly Higher than other platforms,4,2026-08-17,,,rules
play_store,com.myntra.android,"Great experience and great product options, hope all will genuinely good",5,2026-08-17,,,rules
play_store,com.myntra.android,this is good and I am daily clams rupee,5,2026-08-17,,,rules
play_store,com.myntra.android,the quality of the products is outstanding,5,2026-08-17,,quality_doubt,rules
play_store,com.myntra.android,very bad experience. my first order is very delayed. they're delivery team is very poor,1,2026-08-17,,,rules
play_store,com.myntra.android,not many good options in shoes otherwise good app,4,2026-08-17,,,rules
play_store,com.myntra.android,it was nice shopping app,5,2026-08-17,,,rules
play_store,com.myntra.android,worst app....zero customer service no response one tickets no option to connect with real person for support,1,2026-08-17,,,rules
play_store,com.myntra.android,This is a worst app I have ever seen . this app looted my 1500 rupees . I have ordered something and then I cancelled my order now they are not refunding my money . and they also removed help option in the app for my phone . now where should I go . this is a very bad app . I will never suggest my ones to be with this app . it's have been 25 days but they are not responding,1,2026-08-17,,,rules
play_store,com.myntra.android,Misleading - ask to write reviews for orders to only say better luck next time,1,2026-08-17,,,rules
play_store,com.myntra.android,best app where you can get quality product and also at cheap rate compare to other platforms,5,2026-08-17,,quality_doubt,rules
play_store,com.myntra.android,this face wash is totally friendly with sensetive and normal skin,5,2026-08-17,,,rules
play_store,com.myntra.android,material good 👍..Worth buying 👌,5,2026-08-17,,quality_doubt,rules
play_store,com.myntra.android,I really enjoy shopping from Myntra ....,5,2026-08-17,,,rules
play_store,com.myntra.android,best app for clothes 👌,5,2026-08-17,,,rules
play_store,com.myntra.android,it has good products worth buying,5,2026-08-17,,,rules
play_store,com.myntra.android,"very good for shoping and offer, quality",4,2026-08-17,,quality_doubt,rules
play_store,com.myntra.android,just Awesome....,5,2026-08-17,,,rules
play_store,com.myntra.android,better then the competitiors,4,2026-08-17,,,rules
play_store,com.myntra.android,amazing place to find your outfit and aesthetic home decor 🙌🏻🤌🏻✨,5,2026-08-17,,,rules
play_store,com.myntra.android,Good to see someone coming in and taking over the entire apparel clothing market.,5,2026-08-17,,,rules
play_store,com.myntra.android,very slow dilivery partner,1,2026-08-17,,,rules
play_store,com.myntra.android,delivery delayed,1,2026-08-17,,,rules
play_store,com.myntra.android,it is a fake app and it support fake brands. I am saying that because when I ordered a jeans indeliver a fake brand and when I said my problem they are doing nothing,1,2026-08-17,,,rules
play_store,com.myntra.android,service has improved,3,2026-08-17,,,rules
play_store,com.myntra.android,good app for shopping,5,2026-08-17,,,rules
play_store,com.myntra.android,should reduce handling charges,4,2026-08-17,,,rules
play_store,com.myntra.android,"never order with myntra they never take returns or exchange, they always have some reason to reject your claim, so that they make money and loot from you by sharing some dubious products to you.",1,2026-08-17,,delivery_return_fear,rules
play_store,com.myntra.android,very much trusted app and brands,5,2026-08-17,,,rules
play_store,com.myntra.android,thanks to myntraaa,5,2026-08-17,,,rules
play_store,com.myntra.android,evrything is ok...but ye system glt h platform fee itna jyada lete h ki agr br br return kro koi chiz psnd na aane pr to apka adha paisa to ussi mei nikal jayega,3,2026-08-17,,,rules
play_store,com.myntra.android,this app is very useful,4,2026-08-17,,,rules
play_store,com.myntra.android,nice & good experiance,5,2026-08-17,,,rules
play_store,com.myntra.android,delivery of product is genuine ☺️,5,2026-08-17,,,rules
play_store,com.myntra.android,nice product have a give it,2,2026-08-17,,,rules
play_store,com.myntra.android,Branded clothes on good price.,5,2026-08-17,,,rules
play_store,com.myntra.android,best shoping AAP good product every time,5,2026-08-17,,,rules
play_store,com.myntra.android,this is a froud app,1,2026-08-17,,,rules
play_store,com.myntra.android,right place to buy your own products on right price,5,2026-08-17,,,rules
play_store,com.myntra.android,Quality purchase,5,2026-08-17,,quality_doubt,rules
play_store,com.myntra.android,awesome quality,5,2026-08-17,,quality_doubt,rules
play_store,com.myntra.android,My overall connection with Myntra is just owesome and I just love all the product and their quality 💫Thank you myntra 💖,5,2026-08-17,,quality_doubt,rules
play_store,com.myntra.android,very nice experience with Myntra Fashion,5,2026-08-17,,,rules
play_store,com.myntra.android,the best shopping app ever.,5,2026-08-17,,,rules
play_store,com.myntra.android,So nice product 👌 100% Satisfied,5,2026-08-17,,,rules
play_store,com.myntra.android,About the quality of products it's amazing but if you have to return or replace the product it's a nuisance. I had to replace the product due to it being small in size but it failed the quality check because there were the tags but the logo was not given there which is totally their fault but who suffers? it's me. I never expected this from myntra and I'm really disappointed coz till now it is the worst returning experience I've received from literally any app!,2,2026-08-17,,quality_doubt,rules
play_store,com.myntra.android,myntra is undoubtedly one of the best online shopping apps.,4,2026-08-17,,,rules
play_store,com.myntra.android,batter product quality ❣️,4,2026-08-17,,quality_doubt,rules
play_store,com.myntra.android,Bought Fbella satin night dress via myntra. Its quality is like amazing. Fully satisfied with the quality I ordered and it's worth to buy.,5,2026-08-17,,quality_doubt,rules
play_store,com.myntra.android,very useful app good quality products delivered,5,2026-08-17,,quality_doubt,rules
play_store,com.myntra.android,good app but sometimes delivery let and delivery person behavior is not good,2,2026-08-17,,,rules
play_store,com.myntra.android,Always my choice for online shopping 🛍️ 💕,5,2026-08-17,,,rules
play_store,com.myntra.android,Too Much AI Slop! Small Brands that make poor quality clothing are posting unrealistic images of their products and it turns out to be nothing like the picture in reality. It's hurting Myntra as a brand because I've stopped buying from such Fraud Companies.,1,2026-08-17,,quality_doubt,rules
play_store,com.myntra.android,hmm ok bht acha h,5,2026-08-17,,,rules
play_store,com.myntra.android,osm product.....with *****,5,2026-08-17,,,rules
play_store,com.myntra.android,products are very good than other application. all meterial are original Myntra maintained good policy. really thankful to Myntra.,5,2026-08-17,,,rules
play_store,com.myntra.android,"Very disappointing experience. My issue has been going on for almost a month. I received the wrong product and provided the product tag/code and invoice as evidence, but Myntra kept giving generic responses saying the correct product was dispatched. After repeated complaints, they agreed to take the product back, but pickup failed 3–4 times. The agent is either busy or doesn't answer. Still waiting for a proper resolution. Very poor customer support and return experience.",1,2026-08-17,,delivery_return_fear,rules
play_store,com.myntra.android,"I recently ordered a formal shirt from Myntra, and it exceeded my expectations. The fabric quality is top-notch—soft, breathable, and premium to touch. The fit is true to size, giving a clean, tailored look, while the color matches the product photos online. Stitching and details are well-crafted with no loose threads. It handles washing well without shrinking or fading. Myntra's delivery was fast, and the packaging kept everything in perfect shape. Great",5,2026-08-17,,size_fit_uncertainty|quality_doubt,rules
play_store,com.myntra.android,myntra is one of the best shopping apps for fashion and clothes. thank you kindness ☺️.,4,2026-08-17,,,rules
play_store,com.myntra.android,like the suggestion from this app,5,2026-08-17,,,rules
play_store,com.myntra.android,One of the best platform to buy clothes. I like Myntra collection and purchasing experience. Thank you,5,2026-08-17,,,rules
play_store,com.myntra.android,"NEVER USE THIS APP WITHOUT A BODYGUARD. Felt unsafe due to their rudest delivery staff ever. Greater Noida delivery agent Robin Singh came at 6 am, started yelling in my phone and at me aggressively, talking like a psychopath. I felt unsafe in my own home. I almost called the police over his behaviour. Everyone pls be safe",1,2026-08-17,,,rules
play_store,com.myntra.android,really good and real product in myntra compair the flipkart and ajio,5,2026-08-17,,,rules
play_store,com.myntra.android,"Very disappointed with Myntra’s customer service. My account has been deactivated since 13 August, and I’m unable to log in. It shows, “Your account is deactivated for security reasons.” I have sent multiple emails to customer support but have received no proper response or assistance. There is no explanation for why my account was deactivated. Please look into this issue, reactivate my account, and provide proper support as soon as possible.",1,2026-08-17,,,rules
play_store,com.myntra.android,The material was so good and comfortable.,5,2026-08-17,,quality_doubt,rules
play_store,com.myntra.android,Good service and customer support,5,2026-08-17,,,rules
play_store,com.myntra.android,bad experience with myntra im customer last 3 year but Ac Automatically is deactivated I wait last 7 days no customer care Response no process my exchanged is pending i lost my 1500 rupees,1,2026-08-17,,,rules
play_store,com.myntra.android,Best experience 😄,5,2026-08-17,,,rules
play_store,com.myntra.android,Easy to use app,5,2026-08-17,,,rules
play_store,com.myntra.android,awesome service,5,2026-08-17,,,rules
play_store,com.myntra.android,it's amazing....,5,2026-08-17,,,rules
play_store,com.myntra.android,a good app for shopping.,5,2026-08-16,,,rules
play_store,com.myntra.android,user friendly app,5,2026-08-16,,,rules
play_store,com.myntra.android,this app provides an easy and convenient shopping experience with many brands and offers. With simple navigation and secure payment options. thank you 😊,5,2026-08-16,,,rules
play_store,com.myntra.android,it doesn't show order history,1,2026-08-16,,,rules
play_store,com.myntra.android,"Absolutely loved my experience with Myntra! The app is easy to use, the collection is amazing, and there are plenty of options to choose from. The product quality was excellent, delivery was quick, and everything arrived well-packed. Overall, a smooth and satisfying shopping experience. Definitely recommend Myntra!",5,2026-08-16,,quality_doubt,rules
play_store,com.myntra.android,best shopping apps,5,2026-08-16,,,rules
play_store,com.myntra.android,This is the best shopping app I ever witnessed .,5,2026-08-16,,,rules
play_store,com.myntra.android,dress is good good offers,5,2026-08-16,,,rules
play_store,com.myntra.android,brilliant trusted product and shopping,5,2026-08-16,,,rules
play_store,com.myntra.android,"shipping is very late and recorded customer care calls for help, never seen any shipping delay in other apps.also got two dameged product with in 10 order's and deleted my review for saying truth with photos worst app for online shopping",1,2026-08-16,,,rules
play_store,com.myntra.android,nice collection,5,2026-08-16,,,rules
play_store,com.myntra.android,"product ko exchnge ni karte customer care vale check n krte delivery boy bad behaviour myntra sbse bakwas h.... meesho , ajio , flipkart , amazon , naykaa sb best h myntra ko ban kro",1,2026-08-16,,,rules
play_store,com.myntra.android,Best for Fashion,5,2026-08-16,,,rules
play_store,com.myntra.android,"very good app,supportive customer care . first delivery",5,2026-08-16,,,rules
play_store,com.myntra.android,good premium quality products,5,2026-08-16,,quality_doubt,rules
play_store,com.myntra.android,"बहुत ही बेहतरीन ऐप है। कपड़ों की क्वालिटी और कलेक्शन बहुत अच्छा है। डिलीवरी हमेशा समय पर होती है और रिटर्न करना भी बहुत आसान है। शॉपिंग के लिए यह मेरा पसंदीदा ऐप है।""",5,2026-08-16,,,rules
play_store,com.myntra.android,best for shopping,5,2026-08-16,,,rules
play_store,com.myntra.android,best app but a little bit laggy,5,2026-08-16,,,rules
play_store,com.myntra.android,endless amazing collection,5,2026-08-16,,,rules
play_store,com.myntra.android,"Bahut hi pyaari shirt hai! Iska green rang bilkul waisa hi hai jaisa photo mein dikh raha tha. Fabric kaafi soft aur comfortable hai. Fitting bhi perfect aayi. Highly recommended!""",5,2026-08-16,,size_fit_uncertainty|quality_doubt,rules
play_store,com.myntra.android,Best Shopping Site,5,2026-08-16,,,rules
play_store,com.myntra.android,lovely shopping site,5,2026-08-16,,,rules
play_store,com.myntra.android,delivery is quite quick for myntra now,5,2026-08-16,,,rules
play_store,com.myntra.android,this app is very good we can believe on it without any doubt. I recommend this app.,5,2026-08-16,,,rules
play_store,com.myntra.android,"One of the best Shopping app i loved the sale and offers, Delivery is so good",5,2026-08-16,,,rules
play_store,com.myntra.android,"⭐⭐⭐⭐⭐ Waahh, Myntra! 🛍️🔥 Super discounts and amazing offers! 😍 Really happy with the deals on Myntra. Keep bringing more exciting discounts and offers—we’d love to shop even more! ❤️🛒",5,2026-08-16,,,rules
play_store,com.myntra.android,Super Selection,4,2026-08-16,,,rules
play_store,com.myntra.android,Genuine products.,5,2026-08-16,,,rules
play_store,com.myntra.android,very smooth experience,5,2026-08-16,,,rules
play_store,com.myntra.android,mynta ne wrong product send kiya h .. scam kiya h problem resolved v nhi kiya h .. return request send krne pr v koi response nhi kiya or customer care se bat krne pr bola ki camera check kiya gya h apka product sahi package h but totally wrong h ... I'm very disappointed this app..refund v nhi kiya h.,1,2026-08-16,,delivery_return_fear,rules
play_store,com.myntra.android,not good app it's a High money product,1,2026-08-16,,,rules
play_store,com.myntra.android,"variety of stuff to buy from, different brands are available. However, the platform fees keeps on rising with each passing day which isn’t likeable.",4,2026-08-16,,,rules
play_store,com.myntra.android,Myntra my all time favourite place to shop🥰,5,2026-08-16,,,rules
play_store,com.myntra.android,India's number one online app 👍🏻,5,2026-08-16,,,rules
play_store,com.myntra.android,"Myntra has variety of different products. good quality, fashionable and trendy but little bit High price..",4,2026-08-16,,quality_doubt,rules
play_store,com.myntra.android,worst customer service ever you cancelled my product without my consent and remove the discounts too,1,2026-08-16,,,rules
play_store,com.myntra.android,orginal brands mention in Myntra app i 👍,5,2026-08-16,,,rules
play_store,com.myntra.android,I used myntra for the first time to buy some clothes and when I ordered the clothes I got scammed by delivery where I got only half my items and I complained myntra about how this matter should be resolved and they took like 5 days and told me forget you refund we won't even give you your item back .... that's so unprofessionalism by myntra and it's team so from now on I will never buy product from myntra ..... EDIT:- I mailed them but I am not getting response,1,2026-08-16,,delivery_return_fear,rules
play_store,com.myntra.android,best way for online purchasing,5,2026-08-16,,,rules
play_store,com.myntra.android,best app for clothes and beauty products,5,2026-08-16,,,rules
play_store,com.myntra.android,Very much Satisfied,5,2026-08-16,,,rules
play_store,com.myntra.android,bohot hi maza aata hai jab order karte hain,5,2026-08-16,,,rules
play_store,com.myntra.android,"Whenever I need something, I use the myntra for it, and I really like everything about the myntra.",5,2026-08-16,,,rules
play_store,com.myntra.android,really good products.. myntra always amaze me with quality..,5,2026-08-16,,quality_doubt,rules
play_store,com.myntra.android,is a good shopping app..i like this this app..,5,2026-08-16,,,rules
play_store,com.myntra.android,such a good app for shopping 🤩 100℅ original brand clothes material,5,2026-08-16,,quality_doubt,rules
play_store,com.myntra.android,"MYNTRA is my favourite app. because it has many good things and a very good return policy, branded products which leads to customer satisfaction. so, I'm happy with my myntra.💕💕💕",5,2026-08-16,,delivery_return_fear,rules
play_store,com.myntra.android,excellent. never disappointed,5,2026-08-16,,,rules
play_store,com.myntra.android,Super quick delivery & quality of products are good 😊,5,2026-08-16,,quality_doubt,rules
play_store,com.myntra.android,quite good improvement,4,2026-08-16,,,rules
play_store,com.myntra.android,nice satisfaction happy always satisfied,5,2026-08-16,,,rules
play_store,com.myntra.android,"“Excellent quality and performance. The shocks provide smooth damping, good stability, and noticeably better ride comfort. Strong build quality and good value for money. Highly recommended",5,2026-08-16,,quality_doubt,rules
play_store,com.myntra.android,Adbhut ... Avishvasaniya..... Akalpaniya...... means Superb app to use....,5,2026-08-16,,,rules
play_store,com.myntra.android,very good quality,5,2026-08-16,,quality_doubt,rules
play_store,com.myntra.android,Myntra is love. Using Myntra since I even know the name of shopping. my go to online market. I just love it. so real so simple so authentic,5,2026-08-16,,,rules
play_store,com.myntra.android,"myntra is one of the best platform to shop,evey items are here and no duplicate products unlike other shopping apps, and in myntra we can get items at low price than other shopping apps, I've been using myntra for quite some time and it has never disappointed me, so i insist that you guys to use myntra , one of the best app for shopping...",5,2026-08-16,,,rules
play_store,com.myntra.android,love you 😍 myntra,5,2026-08-16,,,rules
play_store,com.myntra.android,nice for first order,5,2026-08-16,,,rules
play_store,com.myntra.android,"I love it. The application navigation experience is smooth, and quite often, there are discounts live on the platform.",5,2026-08-16,,,rules
play_store,com.myntra.android,"I’m really happy with my experience on Myntra. The app is easy to use, the collection is amazing, and the products are trendy and good quality. Delivery was also smooth. Overall, a great app for online fashion shopping. Highly recommended!”",5,2026-08-16,,quality_doubt,rules
play_store,com.myntra.android,"Ultimate fashion holy grail and a mind-blowing, one-stop style universe.Every single browse feels like a VIP shopping spree with an endless selection of gorgeous styles and unbelievable deals. The flawless experience and lightning-fast delivery make it pure shopping bliss.",5,2026-08-16,,,rules
play_store,com.myntra.android,Worst app ever.. Have been shopping here for more than 4 years and first time have faced such a terrible experience... Ordered 2 shirts for ₹1300 and received None of the 2 shirts and a totally wrong product (ponds cream ₹150).. Been following up for my refund for more than 15 days now but still not received the amount..customer care is also useless everytime they give a new timeline...Worst experience ever.... Will never recommend to anyone.,1,2026-08-16,,delivery_return_fear,rules
play_store,com.myntra.android,awesome app for fashion,5,2026-08-16,,,rules
play_store,com.myntra.android,Best shopping App ever ❤️,5,2026-08-16,,,rules
play_store,com.myntra.android,good app for clothing,5,2026-08-16,,,rules
play_store,com.myntra.android,authentic products with reasonable price 🥰,5,2026-08-16,,,rules
play_store,com.myntra.android,"excellent, mujhe Myntra par buy karke bahut achcha Laga good experience, colour quality delivery abhi tak sab kuchh bahut achcha rha Hai sabhi to isse buy karne chahiye everything is too good but cost bhi shai honi chahiye thaki sabhi is par apni shoping kar sakte ha baby boy y girl ke liye bhi acche acche offer aane chahie thaki buy kar sake",5,2026-08-16,,quality_doubt,rules
play_store,com.myntra.android,very good experience.. quality of clothes is top notch,5,2026-08-16,,quality_doubt,rules
play_store,com.myntra.android,good application,5,2026-08-16,,,rules
play_store,com.myntra.android,faster delever. 👍😊 product is best 💯👍 myntra is best shopping app,4,2026-08-16,,,rules
play_store,com.myntra.android,BEST EXPERIENCE EVER.,5,2026-08-16,,,rules
play_store,com.myntra.android,great product and brand,5,2026-08-16,,,rules
play_store,com.myntra.android,customer care of this app doesn't work. you can't even return or exchange products once bought.,1,2026-08-16,,delivery_return_fear,rules
play_store,com.myntra.android,Very poor delivery service. My order has been delayed for one month and is still not delivered. No proper update or resolution from customer support. Very disappointing experience!,1,2026-08-16,,,rules
play_store,com.myntra.android,"Value for money, Good Quality, Quick Delivery, Excellent",5,2026-08-16,,quality_doubt,rules
play_store,com.myntra.android,I had the worst customer experience. I have been contacting customer care for the past 1week and they canceled my return without my concern. No new request raised and gave me the wrong product and brand. Disappointed.,1,2026-08-16,,,rules
play_store,com.myntra.android,Awesome Product buy from Myntra Mindblowing experience,5,2026-08-16,,,rules
play_store,com.myntra.android,love the app freat experience,5,2026-08-16,,,rules
play_store,com.myntra.android,best online shopping app,5,2026-08-16,,,rules
play_store,com.myntra.android,nice way too see product best is quality and matrial maintain very well that helps choose product what I want,5,2026-08-16,,quality_doubt,rules
play_store,com.myntra.android,"great experience, faster deliveries and best product quality.",5,2026-08-16,,quality_doubt,rules
play_store,com.myntra.android,amazing product 👏🏻,5,2026-08-16,,,rules
play_store,com.myntra.android,"⭐⭐⭐⭐⭐ Myntra app ka experience kaafi achha hai. App use karna easy hai aur products ki variety bhi bahut achhi hai. Search aur order karna simple hai, aur product details bhi clearly mil jaati hain. Offers aur discounts bhi kaafi useful hote hain. Overall shopping experience smooth aur convenient hai. 😊🛍️",5,2026-08-16,,,rules
play_store,com.myntra.android,Amazing app delivery on time best quality products!!!! love myntraaa❤️,5,2026-08-16,,quality_doubt,rules
play_store,com.myntra.android,"bhut hi accha h , जैसा चाहते हैं वो मिल जाता है",5,2026-08-16,,,rules
play_store,com.myntra.android,it's a helpful app,5,2026-08-16,,,rules
play_store,com.myntra.android,send low quality clothes at a time of return do not receive call or call you send me do not order anything from myntra,1,2026-08-16,,quality_doubt,rules
play_store,com.myntra.android,very nice and colour also expected the same as shawn in the picture,5,2026-08-16,,,rules
play_store,com.myntra.android,besttttt app for purchase any products.. quality of the products is quite good.. please guys go for it,5,2026-08-16,,quality_doubt,rules
play_store,com.myntra.android,its amazing 🤩....,5,2026-08-16,,,rules
play_store,com.myntra.android,best experience and best customer support,5,2026-08-16,,,rules
play_store,com.myntra.android,nice and very easy for all offers,5,2026-08-16,,,rules
play_store,com.myntra.android,Worst shopping experience. The customer executive is unable to give any solution. All my money is gone. Never going to buy from Myntra again.,1,2026-08-16,,,rules
play_store,com.myntra.android,Fabulous app Shirt and shoe very good product,5,2026-08-16,,,rules
play_store,com.myntra.android,very good app easy returns and services,4,2026-08-16,,,rules
play_store,com.myntra.android,it is one of the best E-Commerce app,5,2026-08-16,,,rules
play_store,com.myntra.android,"I ordered an item five days ago and it will be delivered by tomorrow and still it is not shipped and if I call customer care executive they reply same that ""please be patient and your order is delivered in given timeline"" how is that even possible ?",1,2026-08-16,,,rules
play_store,com.myntra.android,"worst app. don't buy anything from myntra. there is no return, no refund, nothing. fraud company of scammers. please don't download..... boycott myntra",1,2026-08-16,,delivery_return_fear,rules
play_store,com.myntra.android,"myntra is my Go-to app for almost everything since 9-10 years now...the quality , quantity and even the fit n the design is top notch! prices r always reasonable.. never had I ever faced any trouble or issues in returning or exchanging anything if there was a need. myntra is the best!",5,2026-08-16,,quality_doubt,rules
play_store,com.myntra.android,good quality product .,5,2026-08-16,,quality_doubt,rules
play_store,com.myntra.android,very well experience,5,2026-08-16,,,rules
play_store,com.myntra.android,good application 😃,5,2026-08-16,,,rules
play_store,com.myntra.android,The overall service is nice.deliver premium quality product.Return and exchange service is also nice,4,2026-08-16,,quality_doubt|delivery_return_fear,rules
play_store,com.myntra.android,The products are highly appreciated and recommended 👌,5,2026-08-16,,,rules
play_store,com.myntra.android,"very third class app ,delivery boy didn't exchange a product and show delivered, regarding that we complain,they investigate and then they dont do exchange , product returned ,same delivery boy picked up return , although they didn't created amount ,everytime again and again they ask every details , when you inform they say aapki aawaj sahi se nahi aa rahi, they don't have proper sytem which show costomer complain for and they accept return was happed on 10 august,so why not creadited",1,2026-08-16,,delivery_return_fear,rules
play_store,com.myntra.android,great shopping app,5,2026-08-16,,,rules
play_store,com.myntra.android,ohk i think myntra is the best platform for buying clothes or accessories the quality is best 😄,5,2026-08-16,,quality_doubt,rules
play_store,com.myntra.android,Myntra is one of the app i used most and it was really very good shopping platform.,5,2026-08-16,,,rules
play_store,com.myntra.android,👌app best and original quality and pure product,5,2026-08-16,,quality_doubt,rules
play_store,com.myntra.android,one of the best shoping aap in india,5,2026-08-16,,,rules
play_store,com.myntra.android,very very useful app..,5,2026-08-16,,,rules
play_store,com.myntra.android,politely good 👍🏻,5,2026-08-16,,,rules
play_store,com.myntra.android,"Really happy with my purchase from Myntra! The pants are very good quality, and the size fits me perfectly. The material and fitting are great. Definitely happy with my purchase! 💕",5,2026-08-16,,size_fit_uncertainty|quality_doubt,rules
play_store,com.myntra.android,good app but prices are higher of products as compared to flipkart and amazon..,4,2026-08-16,,,rules
play_store,com.myntra.android,Best Clothing Shopping App 🔥,5,2026-08-16,,,rules
play_store,com.myntra.android,this app is amazing for shoping,5,2026-08-16,,,rules
play_store,com.myntra.android,good for Branded products,5,2026-08-16,,,rules
play_store,com.myntra.android,nice application,5,2026-08-16,,,rules
play_store,com.myntra.android,myntra shoping app products are very wonderful and satisfying items. my four years experience and uses experience .,5,2026-08-16,,,rules
play_store,com.myntra.android,variety of products are available. rate is competitive. easy return in 7/10 days.,5,2026-08-16,,,rules
play_store,com.myntra.android,timely delivering... and item is so soft and beautiful,5,2026-08-16,,,rules
play_store,com.myntra.android,best app forever,5,2026-08-16,,,rules
play_store,com.myntra.android,Very bad experience,2,2026-08-16,,,rules
play_store,com.myntra.android,it's an amazing,5,2026-08-16,,,rules
play_store,com.myntra.android,sometimes they say order is delayed but it actually comes faster than expected,5,2026-08-16,,,rules
play_store,com.myntra.android,"it was my first time shopping on myntra,and i am felling really happy and excited .tq ❤️🙏",5,2026-08-16,,,rules
play_store,com.myntra.android,value for money..,5,2026-08-16,,,rules
play_store,com.myntra.android,first time I am very happy,5,2026-08-16,,,rules
play_store,com.myntra.android,"A lot of improvement is expected, specifically in delivery time.",2,2026-08-16,,,rules
play_store,com.myntra.android,don't buy from the myntra i have been using myntra for the last 5 years this time I placed a prepaid order& instead of a 2 kurta set I received a used jogger when I'm trying to exchange it i couldn't either I'm getting refunded it really sucks,1,2026-08-16,,delivery_return_fear,rules
play_store,com.myntra.android,i loved myntra app😍,5,2026-08-16,,,rules
play_store,com.myntra.android,best app for everything,5,2026-08-16,,,rules
play_store,com.myntra.android,"This app is very good, it has good quality clothes, shirts, sarees, everything, you must buy it from here.",5,2026-08-16,,quality_doubt,rules
play_store,com.myntra.android,first time Order from myntra 🫵,2,2026-08-16,,,rules
play_store,com.myntra.android,the worst possible app. products come without brand tagn poor quality. delivery guys refuse pick up. then customer care does not co-operate.,1,2026-08-16,,quality_doubt,rules
play_store,com.myntra.android,I didn't receive any paytm cashback?,2,2026-08-16,,,rules
play_store,com.myntra.android,"I am happy with myntra shopping ..the . dresses 👗 and other makeup kits accessary are too good 👍🏿..kids items are also very nice and my daughter feels very happy... shoes, bally, sleepers are good... the colour and size are perfect .. all the things they showed are same delivered 😍 I am glad ... myntra but my one item is missing.. and I completed it but .. they ignored.. it's not good.. so my experience with this is mixed feelings .. some times good and some time uuuuuffffff shhhhhhaaaaa ...",5,2026-08-16,,,rules
play_store,com.myntra.android,best aap for genuine shopping!,5,2026-08-16,,,rules
play_store,com.myntra.android,Myntra Dress are too good,5,2026-08-16,,,rules
play_store,com.myntra.android,"great app for online shopping. It has a wide range of fashion products, good discounts, easy navigation, and reliable delivery. Overall, a convenient and user-friendly shopping app.",5,2026-08-16,,,rules
play_store,com.myntra.android,very rich quality products. budget frndly too,5,2026-08-16,,quality_doubt,rules
play_store,com.myntra.android,best app ever!! Availablity of original brands so far!,5,2026-08-16,,,rules
play_store,com.myntra.android,This app is really good and helpful.,5,2026-08-16,,,rules
play_store,com.myntra.android,very good app no frod,5,2026-08-16,,,rules
play_store,com.myntra.android,"the app is really good. you can purchase branded clothes on this platform,",5,2026-08-16,,,rules
play_store,com.myntra.android,experiencing good,5,2026-08-16,,,rules
play_store,com.myntra.android,"I had a wonderful experience shopping with Myntra! The delivery was quick, and the discounts and offers were amazing. They have a huge collection with plenty of options to choose from. Overall, a great shopping experience! ⭐⭐⭐⭐⭐",5,2026-08-16,,,rules
play_store,com.myntra.android,good service best price I have got,5,2026-08-16,,,rules
play_store,com.myntra.android,Most decent and good items,5,2026-08-16,,,rules
play_store,com.myntra.android,good app and very good products,5,2026-08-16,,,rules
play_store,com.myntra.android,Myntra is the best for online shopping,4,2026-08-16,,,rules
play_store,com.myntra.android,fake application don't use this application 😡😡😡,1,2026-08-16,,,rules
play_store,com.myntra.android,worst app maine ek bedsheet order kii thi jo kii mujhe different color kii mili thi 1 week ho gya return request raise kiye 5 baar customer care pe baat kri abhi tak return nhi hua I am highly disappointed ☹️ isse achha flipkart hai wrong product delivered hone pe return ho jaata hai myntra what is this behaviour 😡 I am ur insider member why u are not returning my product,1,2026-08-16,,image_reality_gap,rules
play_store,com.myntra.android,very nice app and products,5,2026-08-16,,,rules
play_store,com.myntra.android,Great quality product,5,2026-08-16,,quality_doubt,rules
play_store,com.myntra.android,best app for fashions,5,2026-08-16,,,rules
play_store,com.myntra.android,good experience to buy and product quality was so good,5,2026-08-16,,quality_doubt,rules
play_store,com.myntra.android,awesome & secure,5,2026-08-16,,,rules
play_store,com.myntra.android,more collection for all,5,2026-08-16,,,rules
play_store,com.myntra.android,मैने 3k sleeper buy lkkya myntra se only 10 dino mein uska chamda upar se nikal gaya hai ekdum khrab product diya hai aab wapas nhi kr rhee hi koi yahan se product na le anyta fas sakte hai,1,2026-08-16,,,rules
play_store,com.myntra.android,"very bad experience about refund. Abnormal delay in pickup and using customer's money illigally. Please look into it. ordered for Brownish colour shirt , delivered black shirt. Its truly unprofessional.",1,2026-08-16,,delivery_return_fear,rules
play_store,com.myntra.android,very nice experience of mine,5,2026-08-16,,,rules
play_store,com.myntra.android,Genuine Original items delivered with same quality as shown,5,2026-08-16,,quality_doubt,rules
play_store,com.myntra.android,trusted myntra loves myntra .hii,5,2026-08-16,,,rules
play_store,com.myntra.android,very fast delivery,5,2026-08-16,,,rules
play_store,com.myntra.android,beat app and best quality products are resnanable here,5,2026-08-16,,quality_doubt,rules
play_store,com.myntra.android,great opportunity,5,2026-08-16,,,rules
play_store,com.myntra.android,myntra is the best shopping plateform.,5,2026-08-16,,,rules
play_store,com.myntra.android,wow....very good product and delivery 🚚 fast,5,2026-08-16,,,rules
play_store,com.myntra.android,isse accha aur bharosemand koi app nhi hai,5,2026-08-16,,,rules
play_store,com.myntra.android,feel free fabric 👍 fitting is good,5,2026-08-16,,size_fit_uncertainty|quality_doubt,rules
play_store,com.myntra.android,awesome app for shopping,5,2026-08-16,,,rules
play_store,com.myntra.android,it shows good quality products and best in budget,5,2026-08-16,,quality_doubt,rules
play_store,com.myntra.android,Myntra made shopping awesome,5,2026-08-16,,,rules
play_store,com.myntra.android,best quality ever,5,2026-08-16,,quality_doubt,rules
play_store,com.myntra.android,product is so good and reasonable for price 😄,4,2026-08-16,,,rules
play_store,com.myntra.android,good experience myntra fast delivery,5,2026-08-16,,,rules
play_store,com.myntra.android,"Looks pretty good, but should cross-check the prices first.",4,2026-08-16,,,rules
play_store,com.myntra.android,very nice shopping app,5,2026-08-16,,,rules
play_store,com.myntra.android,very good experience 👌 👏 thank you soooo much 🙏,5,2026-08-16,,,rules
play_store,com.myntra.android,very good platform,5,2026-08-16,,,rules
play_store,com.myntra.android,use too much AI pictures,4,2026-08-16,,,rules
play_store,com.myntra.android,super productss,5,2026-08-16,,,rules
play_store,com.myntra.android,very trust full App.,5,2026-08-16,,,rules
play_store,com.myntra.android,Myntra is now turning into a very pathetic e-commerce platform. Had ordered footwear and was supposed to be delivered by Aug 12th. Then again it got rescheduled to Aug 15th. Both times it showed as out for delivery but the product was not delivered. Tried calling the agent but no response from the other end. Still have not received my order and it is showing out for delivery again. But the agent is not answering. Tried raising the issue twice but no help. Myntra customer care number is not wrkn,1,2026-08-16,,,rules
play_store,com.myntra.android,best app for quality clothes,5,2026-08-16,,quality_doubt,rules
play_store,com.myntra.android,smooth like butter,5,2026-08-16,,,rules
play_store,com.myntra.android,worth the price and top notch quality and its hub of different brands,5,2026-08-16,,quality_doubt|price_value_anxiety,rules
play_store,com.myntra.android,nice products and there quality llm,5,2026-08-16,,quality_doubt,rules
play_store,com.myntra.android,"myntra sucks now a days, stop your AI agents right away",1,2026-08-16,,,rules
play_store,com.myntra.android,Best Cloth shopping app. I regularly Using.,5,2026-08-16,,,rules
play_store,com.myntra.android,myntra doesn't give your payment back once order is returned I've faced this issue my money is sent in other bank and myntra is not taking responsibility and myntra is not solving issues and there is no option to change bank details separately,1,2026-08-16,,,rules
play_store,com.myntra.android,very great experience,5,2026-08-16,,,rules
play_store,com.myntra.android,Sometimes the order gets delayed but overall it's a good app,4,2026-08-16,,,rules
play_store,com.myntra.android,"Overpriced & No Return Very disappointing experience with Myntra. The product has an MRP of only ₹2,899, but I paid ₹700+ more than the MRP. On top of that, there is no return or exchange option available for this product. Customers should be clearly informed about such pricing and return restrictions before purchasing. Definitely not a satisfactory experience",1,2026-08-16,,price_value_anxiety|delivery_return_fear,rules
play_store,com.myntra.android,it was nice and easy for me to shop and look for items i needed,5,2026-08-16,,,rules
play_store,com.myntra.android,nice aap and service,5,2026-08-16,,,rules
play_store,com.myntra.android,very nice experience,5,2026-08-16,,,rules
play_store,com.myntra.android,the delivery atleast on my location always comes early products are good. app is minimal yet helpfull.,5,2026-08-16,,,rules
play_store,com.myntra.android,Great app for clothing and footwear ❤️,5,2026-08-16,,,rules
play_store,com.myntra.android,"In the good old days Hero Honda used to have a TV ad with the tagline, 'fill it, shut it, forget it'. Myntra has a similar tagline... Buy it, We won't deliver it, Forget your money. Their chat actually has an option called... Shall we go ahead and take a complaint. What is the other option.... Do you want to forget your order and donate the money to Myntra? Its humanly impossible to be more incompetent than Myntra. It's basically a scam masquerading as a legitimate business.",1,2026-08-16,,,rules
play_store,com.myntra.android,"One of the best myntra..so affortable ,abd stylish at the same time...No words just amazing",5,2026-08-16,,,rules
play_store,com.myntra.android,worst service fraud service don't buy Myntra It cheat people waste people time worst service no 1 cheating and fraud aap it is,1,2026-08-16,,,rules
play_store,com.myntra.android,"Myntra भारत का एक प्रसिद्ध और भरोसेमंद ऑनलाइन फैशन प्लेटफ़ॉर्म है, जिसने लोगों के लिए फैशन और शॉपिंग को बेहद आसान और सुविधाजनक बना दिया है। आज के डिजिटल दौर में जब लोग अपने घर से ही अपनी पसंद की चीज़ें खरीदना चाहते हैं, Myntra एक बेहतरीन विकल्प बनकर सामने आया है। इसकी मदद से हम अपने मोबाइल फोन से कुछ ही मिनटों में कपड़े और फैशन से जुड़ी अनेक चीज़ें देख और खरीद सकते हैं। Myntra की सबसे बड़ी खासियत इसकी शानदार और आकर्षक कलेक्शन है। यहाँ महिलाओं, पुरुषों और बच्चों के लिए अलग-अलग प्रकार के कपड़े उपल",5,2026-08-16,,,rules
play_store,com.myntra.android,It is a nice shopping platform i love it,5,2026-08-16,,,rules
play_store,com.myntra.android,although expensive quality don't lie moreover friendly app with good customer care is just cherry on top,5,2026-08-16,,quality_doubt,rules
play_store,com.myntra.android,Best app for online shopping of clothes,5,2026-08-16,,,rules
play_store,com.myntra.android,quality products🩷,5,2026-08-16,,quality_doubt,rules
play_store,com.myntra.android,smooth interface,5,2026-08-16,,,rules
play_store,com.myntra.android,best quality product,5,2026-08-16,,quality_doubt,rules
play_store,com.myntra.android,good for easily shopping,5,2026-08-16,,,rules
play_store,com.myntra.android,best product always from a best place,5,2026-08-16,,,rules
play_store,com.myntra.android,very good experience India's most popular app Myntra fashion,5,2026-08-16,,,rules
play_store,com.myntra.android,very good aap 👌,5,2026-08-16,,,rules
play_store,com.myntra.android,good experience with myntra,5,2026-08-16,,,rules
play_store,com.myntra.android,Nice experience overall,5,2026-08-16,,,rules
play_store,com.myntra.android,Good products and offers .Faster delivery service.,5,2026-08-16,,,rules
play_store,com.myntra.android,very happy and good quality,5,2026-08-16,,quality_doubt,rules
play_store,com.myntra.android,the customer care service of this app simply doesn't exist. if any issues appear regarding return or delivery there's no help provided. you are on your own.,4,2026-08-16,,,rules
play_store,com.myntra.android,"awesome, one of the best kurta sets are available on myntra",4,2026-08-16,,,rules
play_store,com.myntra.android,even after applying gift cart they are charging 49rs more ?,2,2026-08-16,,,rules
play_store,com.myntra.android,best of the best 💐,5,2026-08-16,,,rules
play_store,com.myntra.android,"wahiyat customer support, policies.........",1,2026-08-16,,,rules
play_store,com.myntra.android,"Trusted app, always get genuine brand , good material n exchange n return easily 👌",4,2026-08-16,,quality_doubt|delivery_return_fear,rules
play_store,com.myntra.android,myntra in very usefull app for all products ❤️❤️,5,2026-08-16,,,rules
play_store,com.myntra.android,nice app to shop.,5,2026-08-16,,,rules
play_store,com.myntra.android,amazing application to order the product and hassle free return delivery in many products up to 14 days and your payment also credited in you account in 1 day if you return the parcel and delivery boy has pick-up your return product,5,2026-08-16,,,rules
play_store,com.myntra.android,very nice Thankyou.,5,2026-08-16,,,rules
play_store,com.myntra.android,amazing experience fully satisfied,5,2026-08-16,,,rules
play_store,com.myntra.android,"Very very nice, great soaping app.",5,2026-08-16,,,rules
play_store,com.myntra.android,very nice app we get quality of products,5,2026-08-16,,quality_doubt,rules
play_store,com.myntra.android,at first they were accepting all my UGC posts later I have uploaded many post and video it been 1 month but still accepting even I have msged through email but no response,2,2026-08-16,,,rules
play_store,com.myntra.android,this is the best online app,5,2026-08-16,,,rules
play_store,com.myntra.android,The best app for online shopping.,5,2026-08-16,,,rules
play_store,com.myntra.android,I never assumed that Myntra will make me feel so worst ever This made me feel like I should never use myntra again without any confirmation how come they deactivate account and also they are not giving any solution to it and this is not a only app for shopping and many app are available with best service I personally suggest to shop on other apps also which is giving best offers and service with the same product and just platform is different,1,2026-08-16,,,rules
play_store,com.myntra.android,The only online shopping app I've been using for 10 years.,5,2026-08-16,,,rules
play_store,com.myntra.android,Myntra is the one of the best shopping app. I'm using it from last 5years,5,2026-08-16,,,rules
play_store,com.myntra.android,All products ablable,4,2026-08-16,,,rules
play_store,com.myntra.android,Myntra good fashion app,5,2026-08-16,,,rules
play_store,com.myntra.android,i have been a regular customer for myntra but lately they are selling fraud and damaged products and customer service is not good I ordered track pants of moda rapido brand but they sent me some foot path brands i was unable to exchange as i was out of station when i returned and opened the package i was shocked to see what they have sent me and return window has been closed,1,2026-08-16,,delivery_return_fear,rules
play_store,com.myntra.android,very good aap and good quality product,5,2026-08-16,,quality_doubt,rules
play_store,com.myntra.android,super quality branded clothes with low budget,5,2026-08-16,,quality_doubt,rules
play_store,com.myntra.android,this app selld orignal brands it is good,5,2026-08-16,,,rules
play_store,com.myntra.android,it's nice and has a very fast delivery,5,2026-08-16,,,rules
play_store,com.myntra.android,unable to contact customer care to resolve the issue and the app is bloated with ads and information,1,2026-08-16,,,rules
play_store,com.myntra.android,bhot hi jada khrab,1,2026-08-16,,,rules
play_store,com.myntra.android,Fake product not tag available,1,2026-08-16,,,rules
play_store,com.myntra.android,Good product available in best quality and price,5,2026-08-16,,quality_doubt,rules
play_store,com.myntra.android,best app for shopping. must try guys,5,2026-08-16,,,rules
play_store,com.myntra.android,very nice and comfortable kurti,5,2026-08-16,,,rules
play_store,com.myntra.android,please give me spin and win game,5,2026-08-16,,,rules
play_store,com.myntra.android,amezing qualitie products,5,2026-08-16,,,rules
play_store,com.myntra.android,nice worth buying,5,2026-08-16,,,rules
play_store,com.myntra.android,best app for cloths,5,2026-08-16,,,rules
play_store,com.myntra.android,some great offers comes with great collection,5,2026-08-16,,,rules
play_store,com.myntra.android,Good experience 😄😄😄,5,2026-08-16,,,rules
play_store,com.myntra.android,very nice platform,5,2026-08-16,,,rules
play_store,com.myntra.android,excellent collection,4,2026-08-16,,,rules
play_store,com.myntra.android,"nice app, easy to use",5,2026-08-16,,,rules
play_store,com.myntra.android,myntra is best .i really loved it .,5,2026-08-16,,,rules
play_store,com.myntra.android,well my experience on Myntra app is very nice. this is the best platform with variety of things available under one roof and that too branded. Thanks alot Myntra.,5,2026-08-16,,,rules
play_store,com.myntra.android,the best online shopping app,5,2026-08-16,,,rules
play_store,com.myntra.android,best app to buy clothes with Best price and good quality. go for it,5,2026-08-16,,quality_doubt,rules
play_store,com.myntra.android,never disappoint in any order,5,2026-08-16,,,rules
play_store,com.myntra.android,I didn't apply any filter for searching but only 10-12 dresses or shirts are showing to me idk what glitch is this i am seriously fed up now with Myntra. either solve this problem or do something or you want us not to buy things anymore?,1,2026-08-16,,app_ux_friction,rules
play_store,com.myntra.android,myntra is real shoping app its soo good amd 24/7 custmer support,5,2026-08-16,,,rules
play_store,com.myntra.android,nice products from Myntra,5,2026-08-16,,,rules
play_store,com.myntra.android,nice app... I'm happy to use this app,5,2026-08-16,,,rules
play_store,com.myntra.android,"the quality is good, finishing is also 👌🏻",5,2026-08-16,,quality_doubt,rules
play_store,com.myntra.android,too good and genuine productsss,4,2026-08-16,,,rules
play_store,com.myntra.android,superb quality!,5,2026-08-16,,quality_doubt,rules
play_store,com.myntra.android,shipping best app.,5,2026-08-16,,,rules
play_store,com.myntra.android,good shopining apps,5,2026-08-16,,,rules
play_store,com.myntra.android,Myntra is the worst app I have ever used the customer support agents are disconnecting the calls while talking and they never call back a customer always suffers due to this type of fraud apps and customer service if you want to details go to my account in cheque whatever you have done.,1,2026-08-16,,,rules
play_store,com.myntra.android,"It has good-quality products and a colorful, attractive app. The prices are fair, and there are plenty of offers and discounts. The app is easy to use, and overall, I’m happy with the shopping experience. 👍✨",5,2026-08-16,,quality_doubt,rules
play_store,com.myntra.android,Great experience with myntra fast delivery and loyalty app I've been shopping with myntra for the last 1-2years,5,2026-08-16,,,rules
play_store,com.myntra.android,very bad aap they do not return delivery fee after return very bad meesho is better,1,2026-08-16,,,rules
play_store,com.myntra.android,A reliable and trustworthy ecommerce brand with great experiences and value for money conveniences.,5,2026-08-16,,,rules
play_store,com.myntra.android,myntra is really good if anyone is finding good quality clothes with brands.... Experience is very good up untill now. Not regreted buying anything due to quality issue yet.,5,2026-08-16,,quality_doubt,rules
play_store,com.myntra.android,myntra was good service like wow service,5,2026-08-16,,,rules
play_store,com.myntra.android,good app good experience,5,2026-08-16,,,rules
play_store,com.myntra.android,awesome cloth budget friendly for middle class people 🤩,5,2026-08-16,,,rules
play_store,com.myntra.android,Disastrous experience with this app.,1,2026-08-16,,,rules
play_store,com.myntra.android,APP is super slow and crashing on realme 11pro + 5G - 256 gb storage + 8gb RAM + 4 gb extra RAM. Internet speed 100 MBPS. Reduce the load time.,1,2026-08-16,,,rules
play_store,com.myntra.android,Thank you Myntra Jii for helping me . Mata Rani Bless Uu.. From Every way I am satisfied with Myntra Jii..,5,2026-08-16,,,rules
play_store,com.myntra.android,don't work my myncash this is unemployed service myntra please rectify my myncash,4,2026-08-15,,,rules
play_store,com.myntra.android,best offers till yet according to other shopping apps ♥️👌,5,2026-08-15,,,rules
play_store,com.myntra.android,delevery quickly original products delever,5,2026-08-15,,,rules
play_store,com.myntra.android,"There is no option to log in using Gmail verification alone. I tried logging in with my password, but after completing the Gmail verification step, Myntra still requires phone number verification. I no longer have access to that phone number, so I am locked out of my account. I already emailed the support team regarding this issue, but I have not received a response yet.",1,2026-08-15,,,rules
play_store,com.myntra.android,fast service and good quality products available.,5,2026-08-15,,quality_doubt,rules
play_store,com.myntra.android,this app is beautiful for shopping regular and occational wear. most of the outfits fit perfectly. Accessories have problems as the size shown in 3 products that I bought was wrong and only one was correct. I returned two dresses as one had the wrong size and the other had size issues as well but the exchange is so far effortless provided you do not loose the tags of the outfit. 3 star is for most of the images not being the same as shown in pictures. solution read product reviews then buy.,3,2026-08-15,,size_fit_uncertainty|image_reality_gap|delivery_return_fear,rules
play_store,com.myntra.android,quality is very good 😊,4,2026-08-15,,quality_doubt,rules
play_store,com.myntra.android,Not working with a wifi network,1,2026-08-15,,,rules
play_store,com.myntra.android,excellent product,5,2026-08-15,,,rules
play_store,com.myntra.android,user friendly interface,5,2026-08-15,,,rules
play_store,com.myntra.android,myntra has always a branded and top notch product,5,2026-08-15,,,rules
play_store,com.myntra.android,"Myntra app use karna bahut easy hai. Collection bahut achha hai, delivery time par milti hai aur return/exchange process bhi smooth hai. Offers aur discounts bhi kaafi achhe mil jate hain. Overall shopping experience bahut accha raha. ❤️",5,2026-08-15,,delivery_return_fear,rules
play_store,com.myntra.android,great app affordable price so many rewards..so happy to use this app.,5,2026-08-15,,,rules
play_store,com.myntra.android,lol application,1,2026-08-15,,,rules
play_store,com.myntra.android,one Of The Worst App No Proper Customer No Delivery Detail My Biggest Mistake I've Done Supposed To Give Gift To My Younger Brother Delivery Delayed,1,2026-08-15,,,rules
play_store,com.myntra.android,Good price Good quality,5,2026-08-15,,quality_doubt,rules
play_store,com.myntra.android,nice experience and unlimited earning love it 😄,4,2026-08-15,,,rules
play_store,com.myntra.android,best delivery nd fast 😄,5,2026-08-15,,,rules
play_store,com.myntra.android,bilkul bekar app support system ka koi Mtlv nhi Hai our delivery ke pahle cancel kr dete Hai bina hume jankari diye agar problem hai toh call krna chahiye Lekin ye log bina call kiye cancel krte Hai our batna bhi jaroori nhi smajhte Hai bilkul bekar app koi esko use mat kariye,1,2026-08-15,,,rules
play_store,com.myntra.android,I have been using Myntra for the last 15 years. Now it's the worst app which I have ever installed. In recent days i never received an order on time. On Aug 1st i ordered one product still now i didn't get my order. And unnecessary costs like platform fees. we can't reach customer care service. Now they are using recorded answers. Nowadays Myntra is deceiving people. In my opinion it's a Big Fraud App,1,2026-08-15,,,rules
play_store,com.myntra.android,i never uninstalled this app,5,2026-08-15,,,rules
play_store,com.myntra.android,nice product and fastest delivery,5,2026-08-15,,,rules
play_store,com.myntra.android,nice options available,5,2026-08-15,,,rules
play_store,com.myntra.android,overall good quality products,5,2026-08-15,,quality_doubt,rules
play_store,com.myntra.android,thank you myntra ...nice kurta,5,2026-08-15,,,rules
play_store,com.myntra.android,best app nikhil narvankar,5,2026-08-15,,,rules
play_store,com.myntra.android,i had a great shopping experience,5,2026-08-15,,,rules
play_store,com.myntra.android,"Fashion and Myntra go hand in hand.A perfect app, which gives seamless tech -driven shopping experience. Its trendy designs include both western and ethnic wear.Discounts and offers in every purchase provides a delightful shopping experience. extremely d",5,2026-08-15,,,rules
play_store,com.myntra.android,fabulous 😍 the meterial is also very nice and comfortable,5,2026-08-15,,,rules
play_store,com.myntra.android,poor sofrware not customer friendly,1,2026-08-15,,,rules
play_store,com.myntra.android,best reward and offers,5,2026-08-15,,,rules
play_store,com.myntra.android,The items purchased from Myntra app are very good and I have been using this app for a long time 👍😊 Amazing app,5,2026-08-15,,,rules
play_store,com.myntra.android,this is good for earning,5,2026-08-15,,,rules
play_store,com.myntra.android,still not responding,1,2026-08-15,,,rules
play_store,com.myntra.android,best place for window shopping 😍😍😊,5,2026-08-15,,wishlist_bookmark_behavior,rules
play_store,com.myntra.android,very bad app. i deleted my app,1,2026-08-15,,,rules
play_store,com.myntra.android,very good experience timely delivery easy returns or exchanges option and many more options for shopping thankyou Myntra,5,2026-08-15,,,rules
play_store,com.myntra.android,the worst experience if we return any product regarding damage or stain then your account ll be deactivated the worst thing ever,1,2026-08-15,,,rules
play_store,com.myntra.android,All products are legit and best quality,5,2026-08-15,,quality_doubt,rules
play_store,com.myntra.android,l like so much myntra nice collection good service,5,2026-08-15,,,rules
play_store,com.myntra.android,i want to exchange an order but keep asking change address order not deliverable to this address..then how come it was delivered earlier.. worst experience,1,2026-08-15,,delivery_return_fear,rules
play_store,com.myntra.android,great for originality,4,2026-08-15,,,rules
play_store,com.myntra.android,best app for shopping. I m always satisfied with myntra products🤩,5,2026-08-15,,,rules
play_store,com.myntra.android,"genuine products, easy returns",5,2026-08-15,,,rules
play_store,com.myntra.android,I had ordered a product and got the date of 8th aug ...at 1st it got delayed..still I was understanding but as a response also myntra showed nothing as till 15th aug I had no response related to my delayed order !,1,2026-08-15,,,rules
play_store,com.myntra.android,wonderful app...keep shopping,5,2026-08-15,,,rules
play_store,com.myntra.android,The customer service is too bad I wanted my delivery to be scheduled to a letter date but they won't even have a little time for a chat all of their agents are busy all the time just hire some more people,1,2026-08-15,,,rules
play_store,com.myntra.android,perfect place to shop anything,5,2026-08-15,,,rules
play_store,com.myntra.android,It was a very good experience while shopping on Myntra....,5,2026-08-15,,,rules
play_store,com.myntra.android,not on time deliver product and when you cancel order after committed delivery time and they are failed to deliver product they deduct your amount and not return full amount,1,2026-08-15,,,rules
play_store,com.myntra.android,it's a very fun review product are genuine I'm happy to get shopping here,5,2026-08-15,,,rules
play_store,com.myntra.android,best brand i love it I m so happy,5,2026-08-15,,,rules
play_store,com.myntra.android,"very bad experience, bad behaviour of delivery boy",1,2026-08-15,,,rules
play_store,com.myntra.android,i am happy with myntra products,5,2026-08-15,,,rules
play_store,com.myntra.android,"I strongly urge everyone to avoid shopping on Myntra. If you choose to order, proceed entirely at your own risk regarding whether your package will ever arrive. Don't trust to myntra. I have placed order multiple time but not received yet everytime they have technical error. I have to give negative rating.",1,2026-08-15,,,rules
play_store,com.myntra.android,fake product and costmor care original nayka fashion nayka men best no download myntra,1,2026-08-15,,,rules
play_store,com.myntra.android,This app is nice 👍,5,2026-08-15,,,rules
play_store,com.myntra.android,Best customer support!,5,2026-08-15,,,rules
play_store,com.myntra.android,The quality of the clothes is very good.,5,2026-08-15,,quality_doubt,rules
play_store,com.myntra.android,very bed service,1,2026-08-15,,,rules
play_store,com.myntra.android,Delivery and costumer support is very baddd worst app I have ever seen for the same I really disappoint 😞 this app Next time I will order from other platform because of this.,2,2026-08-15,,,rules
play_store,com.myntra.android,excellent experience from myntra,5,2026-08-15,,,rules
play_store,com.myntra.android,i order shoes i want size exchange but the delivery boy told me that tagging number was changed you should report in app but app not listening and i several time he canceled my order for the late reason please ensure this problem,1,2026-08-15,,delivery_return_fear,rules
play_store,com.myntra.android,it is very good app for shopping clothes and beauty products. I like this app very much,5,2026-08-15,,,rules
play_store,com.myntra.android,I have not received my parcel,1,2026-08-15,,,rules
play_store,com.myntra.android,Myntra is a branded shopping app,5,2026-08-15,,,rules
play_store,com.myntra.android,"more offer, coupons etc",5,2026-08-15,,,rules
play_store,com.myntra.android,"Best place to but fashion wear. Genuine brands , genuine price.",5,2026-08-15,,,rules
play_store,com.myntra.android,I recently placed an order and received the wrong product and there's no exchange or return option available.Very disappointed. Even the help centre assistant does nothing. Didn't expect this from Myntra.,1,2026-08-15,,delivery_return_fear,rules
play_store,com.myntra.android,"I ordered 4 products from Myntra, but I still haven’t received them. The orders have been showing “Out for Delivery” since 12th August, and I’m unable to cancel them. I have already paid for all the orders through PhonePe. I’ve been waiting for the last 4–5 days, but there has been no delivery. I tried contacting the delivery person, but the call gets redirected to Ekart. They ask me to enter my mobile number and PIN, and after I enter them, the call automatically gets disconnected.",1,2026-08-15,,,rules
play_store,com.myntra.android,super the best app for buying items because it's better than other apps like amazon and flipkart,5,2026-08-15,,,rules
play_store,com.myntra.android,"Beautiful, Fantastic, Thank you",5,2026-08-15,,,rules
play_store,com.myntra.android,A wonderful experience... Good service by Myntra and team. 😊,5,2026-08-15,,,rules
play_store,com.myntra.android,at myntra quality of clothes are very nice and all things are in good quality. i generally used to order clothes from myntra,5,2026-08-15,,quality_doubt,rules
play_store,com.myntra.android,I have ordered a few times and the products are good but they don't actually look the same as in the app shows .,3,2026-08-15,,,rules
play_store,com.myntra.android,"amazing service, genuine products 🤗",5,2026-08-15,,,rules
play_store,com.myntra.android,lele bhai is aap se befikr hokr sahi me badhiya mal h,5,2026-08-15,,,rules
play_store,com.myntra.android,i love these products,5,2026-08-15,,,rules
play_store,com.myntra.android,best product with best quality,5,2026-08-15,,quality_doubt,rules
play_store,com.myntra.android,best app ever 👍,5,2026-08-15,,,rules
play_store,com.myntra.android,Good app.. More options to select..,5,2026-08-15,,,rules
play_store,com.myntra.android,super quality dresses available here,5,2026-08-15,,quality_doubt,rules
play_store,com.myntra.android,good clothing app,5,2026-08-15,,,rules
play_store,com.myntra.android,Excellent Shoping experience,5,2026-08-15,,,rules
play_store,com.myntra.android,this app is trustable my shopping is very easy with this app easy return fast delivery,5,2026-08-15,,,rules
play_store,com.myntra.android,The app absolutely wonderful I like most purchasing app beauty product skincare,5,2026-08-15,,,rules
play_store,com.myntra.android,"this app is becoming rubbish day by day , just to order they required payment app on the device, very disappointing app",1,2026-08-15,,,rules
play_store,com.myntra.android,better product in this Myntra app and this service is very good,5,2026-08-15,,,rules
play_store,com.myntra.android,Good Till now ordered 3-4 items that are good,4,2026-08-15,,,rules
play_store,com.myntra.android,budget friendly and comfortable clothing.,5,2026-08-15,,,rules
play_store,com.myntra.android,Best platform for shopping,5,2026-08-15,,,rules
play_store,com.myntra.android,Thanks for myntra My best option quality products,5,2026-08-15,,quality_doubt,rules
play_store,com.myntra.android,good quality clothes,5,2026-08-15,,quality_doubt,rules
play_store,com.myntra.android,Great discounts and offers,5,2026-08-15,,,rules
play_store,com.myntra.android,mere me jo myncash redeem points daily wale milte the ab wo mujhe nahi mil rahe is problem ko solve kro aap jaldi se jaldi meri..abhi b same problem.hai,1,2026-08-15,,,rules
play_store,com.myntra.android,One of the best online shopping platform. Good service with best product.,5,2026-08-15,,,rules
play_store,com.myntra.android,good collections but pricy,5,2026-08-15,,,rules
play_store,com.myntra.android,Myntra offers iems of different varieties.,4,2026-08-15,,,rules
play_store,com.myntra.android,"very good, genuine product",5,2026-08-15,,,rules
play_store,com.myntra.android,product is good,5,2026-08-15,,,rules
play_store,com.myntra.android,"good product, and very soft comfortable.",5,2026-08-15,,,rules
play_store,com.myntra.android,Always a great experience to shop with Myntra,5,2026-08-15,,,rules
play_store,com.myntra.android,Mybtra use to deliver bestets fabric,5,2026-08-15,,quality_doubt,rules
play_store,com.myntra.android,very bad packaging,2,2026-08-15,,,rules
play_store,com.myntra.android,"worst app, delivery agent doesn't call and marked as delivered. i didnt receive any call and no customer help just raised incident asked me to wait for 3 days",1,2026-08-15,,,rules
play_store,com.myntra.android,I have almost stopped buying clothes offlline since last 6-7 years. Myntra has nice collection and prices are nearly always lower than offline for same item. No questions asked return and exchange is the biggest reason for me to move away from offline,5,2026-08-15,,delivery_return_fear,rules
play_store,com.myntra.android,gives good discount and loyal,5,2026-08-15,,price_value_anxiety,rules
play_store,com.myntra.android,this app is nice delivery speeds also nice and I love this apps product quality and delivery experience,4,2026-08-15,,quality_doubt,rules
play_store,com.myntra.android,"It was a very smooth experience while placing an order & receiving the product,the watch I was ordering is extremely nice as shown",5,2026-08-15,,,rules
play_store,com.myntra.android,very good 😊 happy coustomer ❤️‍🩹,5,2026-08-15,,,rules
play_store,com.myntra.android,bhutt achhee ratee hai or kapdo ki quality bhi bhut badiya h,5,2026-08-15,,quality_doubt,rules
play_store,com.myntra.android,best quality of shirts,5,2026-08-15,,quality_doubt,rules
play_store,com.myntra.android,good quality always,5,2026-08-15,,quality_doubt,rules
play_store,com.myntra.android,"Myntra has started using AI-generated product images for clothing listings, and it’s becoming difficult to trust what the actual product looks like. I found the exact same outfit elsewhere, but the Myntra listing used heavily AI-edited photos that changed the appearance of the garment. For a platform known for fashion shopping, real product photos should be the standard. This feels misleading and disappointing. And they sell copy of every outfit.",1,2026-08-15,,,rules
play_store,com.myntra.android,best app affordable price with best and brand quality thank you myntra❤,5,2026-08-15,,quality_doubt,rules
play_store,com.myntra.android,very bad app. refund not inset.,5,2026-08-15,,delivery_return_fear,rules
play_store,com.myntra.android,Worst conversation only system generated messages and no real solution of the issue just same replies for each question.Pathetic app service !'ruined my day,1,2026-08-15,,,rules
play_store,com.myntra.android,good app with affordabel fashion,4,2026-08-15,,,rules
play_store,com.myntra.android,"Worst experience ever. I have been a regular customer of Myntra, but a very big scam happened to me. I ordered a Levi's long pant and shirt on prepaid. The delivery agent did not call me, and I did not receive any email. But it is showing “delivered” in my account. I called customer care many times, but they only keep giving me new time and dates. Until today, I have not received my items. At least they should tell me which delivery office the parcel went to. This is a very big scam with me..",3,2026-08-15,,,rules
play_store,com.myntra.android,nice product on this app,5,2026-08-15,,,rules
play_store,com.myntra.android,"The delivery took far too long, and when I finally received the package, I was extremely disappointed. The product I received was different from what I ordered and the quality was very poor. This was a completely unsatisfactory experience. Very disappointed with Myntra’s service",1,2026-08-15,,quality_doubt,rules
play_store,com.myntra.android,"it's a worst app don't buy products from this, especially imported goods, no proper courier service money will get debited but you won't receive the product no enough employees available to resolve the issue it's a big fraud, I tried to contact customer service they introduced the Ai agent dialogues are auto generated, but it's a useless thing it won't resolve the issue already I have contacted them more than 4 times still no response no resolution and I didn't recieve the product",1,2026-08-15,,,rules
play_store,com.myntra.android,very good experience with mantra. Not disappointment at all.,5,2026-08-15,,,rules
play_store,com.myntra.android,it is Very Nice Perfume With Extremely pleasant Smell,5,2026-08-15,,,rules
play_store,com.myntra.android,value for money,5,2026-08-15,,,rules
play_store,com.myntra.android,"The worst experience I have ever had. i ordered a trackpants on 26-july ,mistakenly i ordered wrong size so i cancelled immediately like within 2 minutes and they said refund amount is credited with 24 hours like 27th july, and today 15-Aug still my amount didn't received, i didn't get valid customer support.i don't know what to say did i scammed or what? don't order this app",1,2026-08-15,,size_fit_uncertainty|delivery_return_fear,rules
play_store,com.myntra.android,my go to shopping app,5,2026-08-15,,,rules
play_store,com.myntra.android,wow i really impressed with delivery how polite and smooth handling and care the product of i order,5,2026-08-15,,,rules
play_store,com.myntra.android,easy to Shop and express delivery,5,2026-08-15,,,rules
play_store,com.myntra.android,very good stuff,5,2026-08-15,,,rules
play_store,com.myntra.android,good product & fast delivery,5,2026-08-15,,,rules
play_store,com.myntra.android,very fast and trusted,5,2026-08-15,,,rules
play_store,com.myntra.android,godd experience,5,2026-08-15,,,rules
play_store,com.myntra.android,Trustworthy online store and Application Myntra. You can trust it for their geniune quality.,5,2026-08-15,,quality_doubt,rules
play_store,com.myntra.android,"Love u myntra , u never ever disappointed me .😘😘😘",5,2026-08-15,,,rules
play_store,com.myntra.android,best platform Myntra fashion show best brand Myntra provide quality good,5,2026-08-15,,quality_doubt,rules
play_store,com.myntra.android,nice platform 💯💯😀😀,5,2026-08-15,,,rules
play_store,com.myntra.android,good experience shopping in myntra,5,2026-08-15,,,rules
play_store,com.myntra.android,"Perfect for everyday use — quality bhi achhi aur look bhi super cute. Myntra lovers, this one is definitely worth checking out! ✨",5,2026-08-15,,quality_doubt,rules
play_store,com.myntra.android,good &best for on line purchase.,5,2026-08-15,,,rules
play_store,com.myntra.android,"Very poor service. They are focused on their app and clothing brands, but not on delivery. My order is highly delayed even after choosing express delivery. Customer service is not giving a proper response about the delay. Whenever I call, they keep me on hold for a long time. Very disappointing experience with both delivery and customer support.",1,2026-08-15,,,rules
play_store,com.myntra.android,Hmesha achhe product milta hai,5,2026-08-15,,,rules
play_store,com.myntra.android,"Good experience with Myntra, all time, easy purchasing and return",5,2026-08-15,,,rules
play_store,com.myntra.android,good quality product and also good coustomer service,5,2026-08-15,,quality_doubt,rules
play_store,com.myntra.android,very bad costumer support ai calls and ai chat support I genuinely suggest don't buy with myntra dilivery agents behaviour was very bad and they cancelled order without asking to you,1,2026-08-15,,,rules
play_store,com.myntra.android,"the app is kinda cool 😎 it is full of insane baggys , i love it it is the only app u need if u are in fashion 😜",5,2026-08-15,,,rules
play_store,com.myntra.android,this is a very good app to purchase clothes on various trends,5,2026-08-15,,,rules
play_store,com.myntra.android,lots of varieties,5,2026-08-15,,,rules
play_store,com.myntra.android,very good app for clothes purchasing 😃,5,2026-08-15,,,rules
play_store,com.myntra.android,very late delivery on every order 😞,2,2026-08-15,,delivery_return_fear,rules
play_store,com.myntra.android,"The worst application; the delivery process is very bad, with delays of weeks. 15 days for delivery of a shirt completely disappointed",1,2026-08-15,,,rules
play_store,com.myntra.android,"guys be careful, I've ordered Titan wrist watch for my wife. after delivery, after 2 days it went defective, tried to replace/return it, but now ""my orders"" page is empty. not showing any history. tried to resolve it through "" help "" from corner icon, but it's trying to link to recent orders ( which shows empty). I trusted myntra.... but after this review, myntra had responded to my issue and resolved it through replacement of defective product. thanks myntra",3,2026-08-15,,delivery_return_fear,rules
play_store,com.myntra.android,excellent quality and best,5,2026-08-15,,quality_doubt,rules
play_store,com.myntra.android,"काम चोर है एक पार्सल मिला है, अब तक थक चुका हूं, गलती यह है की धारूहेड़ा या टपूकड़ा से पार्सल डिलीवर ही नहीं हो रहा है, वहां से बार बार कैंसिल कर रहे है, अकाउंट ही डिलीट कर दूंगा ।sorry कोई भी कंपनी वाले आपका सामन मुझे ये डिलीवर नही कर सकेगे, इसलिए में कैंसिल कर रहा हूं हो सके तो इस myntra प्लेटफॉर्म पर सामन ना बचे। धन्यवाद इशू कुछ भी डाल रहा हूं",1,2026-08-15,,,rules
play_store,com.myntra.android,best fasion app,5,2026-08-15,,,rules
play_store,com.myntra.android,app is good but I'm very disappointed because there is only one payment app that is phone pe and what about other apps because many people including me many people do not use phonepe then how could we buy the items please it's my humble request to check it,1,2026-08-15,,,rules
play_store,com.myntra.android,user-friendly interface,5,2026-08-15,,,rules
play_store,com.myntra.android,it's a good aap,4,2026-08-15,,,rules
play_store,com.myntra.android,it awesome experience ...,5,2026-08-15,,,rules
play_store,com.myntra.android,"very nice app for ordering clothes, quality is also very nice",5,2026-08-15,,quality_doubt,rules
play_store,com.myntra.android,best and quality products available in this app,5,2026-08-15,,quality_doubt,rules
play_store,com.myntra.android,good service good rate 💯,5,2026-08-15,,,rules
play_store,com.myntra.android,very genuine and trusted App it's really good,5,2026-08-15,,,rules
play_store,com.myntra.android,very good and convenient app,5,2026-08-15,,,rules
play_store,com.myntra.android,Its really good app i ever seen.... Thankyou Myntra,5,2026-08-15,,,rules
play_store,com.myntra.android,Good quality of products as expected,5,2026-08-15,,quality_doubt,rules
play_store,com.myntra.android,"Myntra’s service is becoming absolutely pathetic. I have now received the wrong product TWICE, and every time I raise a return, the response is the same robotic excuse: “Our seller/logistics team confirms that the correct product was packed.” What is the point of providing photos, videos, packaging details and every possible proof if Myntra has already decided to reject the customer’s complaint without even investigating it properly? This is not customer service—it’s customer harassment.",1,2026-08-15,,,rules
play_store,com.myntra.android,so nice evryone product 💖,5,2026-08-15,,,rules
play_store,com.myntra.android,products are in good quality and delivered in very less time,5,2026-08-15,,quality_doubt,rules
play_store,com.myntra.android,good service and best quality products are available here go and shop your wear 🩷,5,2026-08-15,,quality_doubt,rules
play_store,com.myntra.android,Their services are pathetic and deteriorating day by day. Their logistic partners are not for any help. They have hired unprofessional people to work. My sim wasn't working so I updated my account with new number but still I am receiving whats app messages on older number and logistic partner declined to contact on new number by saying that number has not been updated.,1,2026-08-15,,,rules
play_store,com.myntra.android,"very good app,too many options for shopping , and best part is easy returns or exchange ,",5,2026-08-15,,comparison_paralysis|delivery_return_fear,rules
play_store,com.myntra.android,very helpful app..all product quality is very good 👍,4,2026-08-15,,quality_doubt,rules
play_store,com.myntra.android,very good products jo dikhaya whi deliver kiya aankh bnd kr ke myntra pr trust kr sakti hu m plz go for myntra for more trusted👌 shoping,4,2026-08-15,,,rules
play_store,com.myntra.android,"Horrible. They are scammers. They delivered a wrong product, I raised a refund request, they don't do anything, just raise the incidents every time I call and say not to worry. Been 5 days nothing has happened, I've even emailed the customer grievance team, all of them are just jokers playing in the circus doing nothing just sending back auto replies. I'm going to consumer court",1,2026-08-15,,delivery_return_fear,rules
play_store,com.myntra.android,too good and good discount,5,2026-08-15,,price_value_anxiety,rules
play_store,com.myntra.android,nice app for online purchase,5,2026-08-15,,,rules
play_store,com.myntra.android,They don't deliver on time and don't let you connect to the real agent for your problem. You can keep calling all day but you will get only automated options and automated answer no option to connect to real person be it chat or be it on call.,1,2026-08-15,,,rules
play_store,com.myntra.android,I am using this app more than a year and I am very happy with the products and the price of the product are very reasonable so yeah I am having fun ☺️,5,2026-08-15,,,rules
play_store,com.myntra.android,Don't provide help.,1,2026-08-15,,,rules
play_store,com.myntra.android,very good look and fabric too,5,2026-08-15,,quality_doubt,rules
play_store,com.myntra.android,so good app i like this so much ❤️,5,2026-08-15,,,rules
play_store,com.myntra.android,genuine products with genuine price,4,2026-08-15,,,rules
play_store,com.myntra.android,I like this app so much.,5,2026-08-15,,,rules
play_store,com.myntra.android,"uninstalling right away. my products were marked delivered, without delivering. now myntra is not investigating as it has been 5 days. I was travelling and didn't know about this rule, myntra is so strict that even if someone is at loss, they are just going to stay ignorant for issues like this. wonderful customer care.",1,2026-08-15,,,rules
play_store,com.myntra.android,very good interface,5,2026-08-15,,,rules
play_store,com.myntra.android,very good products under budget thank you myntra,5,2026-08-15,,,rules
play_store,com.myntra.android,The app is using full of AI models. there is no way of knowing if the product is genuine. I find almost 80 % of the products use AI.,1,2026-08-15,,,rules
play_store,com.myntra.android,"Acha he, badiya he ,esay to use he",5,2026-08-15,,,rules
play_store,com.myntra.android,best app to purchase quality clothes with decent brands,5,2026-08-15,,quality_doubt,rules
play_store,com.myntra.android,I was very happy 😊 to using this App,5,2026-08-15,,,rules
play_store,com.myntra.android,pickup very late service,4,2026-08-15,,delivery_return_fear,rules
play_store,com.myntra.android,product offered are very good.,4,2026-08-15,,,rules
play_store,com.myntra.android,good app for shopping 🛒,5,2026-08-15,,,rules
play_store,com.myntra.android,this product is very good for oily skin and I love it,5,2026-08-15,,,rules
play_store,com.myntra.android,best app for clothes shopping,5,2026-08-15,,,rules
play_store,com.myntra.android,superb product best quality cloth thanks from myntra,5,2026-08-15,,quality_doubt,rules
play_store,com.myntra.android,superb ... very lightweight,5,2026-08-15,,,rules
play_store,com.myntra.android,very nice platform to buy a things,5,2026-08-15,,,rules
play_store,com.myntra.android,good fitting and Febric,5,2026-08-15,,size_fit_uncertainty,rules
play_store,com.myntra.android,"Myntra is my favorite shopping app. I always shop from Myntra, and it never disappoints me. The quality of the products is also really good.",5,2026-08-15,,quality_doubt,rules
play_store,com.myntra.android,Myntra is best in india,5,2026-08-15,,,rules
play_store,com.myntra.android,worst app of the world because they are deactivated my account of myntra from 13 Aug without giving any kind of reason I write my review previously but they don't give any customer support personally,1,2026-08-15,,,rules
play_store,com.myntra.android,what's a deal..☺️💌,5,2026-08-15,,,rules
play_store,com.myntra.android,wonderfull experience.,5,2026-08-15,,,rules
play_store,com.myntra.android,good services provided,5,2026-08-15,,,rules
play_store,com.myntra.android,"Myntra Credit and MynCash are both available in my account, but I’m unable to use them together at checkout. When I choose to pay using Myntra Credit, the MynCash option becomes greyed out and cannot be selected, even though I have a MynCash balance. Please fix this issue and allow MynCash + Myntra Credit to be used together on eligible orders.",1,2026-08-15,,payment_checkout_friction,rules
play_store,com.myntra.android,earlier user interface was better than this newer one. more detailed and easier it was to use.,3,2026-08-15,,,rules
play_store,com.myntra.android,delivered within the time and was smooth,5,2026-08-15,,,rules
play_store,com.myntra.android,this is good app,5,2026-08-15,,,rules
play_store,com.myntra.android,The offer is great,4,2026-08-15,,,rules
play_store,com.myntra.android,Nice App and Quality Product 👍,5,2026-08-15,,quality_doubt,rules
play_store,com.myntra.android,I got crazy shopping love this app,5,2026-08-15,,,rules
play_store,com.myntra.android,nice one. offer some additional cash discount for the people who deal in only in cash not in credit cards.,4,2026-08-15,,price_value_anxiety,rules
play_store,com.myntra.android,The searching mechanism of this app is the worst You can't search properly what you want some products don't appear unless the exact name is written in the search bar .🤬🤬,1,2026-08-15,,,rules
play_store,com.myntra.android,WORST. Do not buy from Myntra. My husband ordered product from Myntra. Received wrong Product. Despite submitting the product unboxing video. Myntra refused the return request.,1,2026-08-15,,,rules
play_store,com.myntra.android,ache brand rakho taki coustmer ko problem na ho..,1,2026-08-15,,,rules
play_store,com.myntra.android,Best offers....Best Prices,5,2026-08-15,,,rules
play_store,com.myntra.android,After recent update myncash can be used only after you add rupess 199 and above price so i want to ask myntra that you have only those products which price is above 199 aur if anyone wants to purchase less than 199 product you can't give them benefits of myncash.And myncash are only for 7 days after 7 days the price are decreasing everyday so you better provide a flat myncash everyday so In one week there is 199 plus myncash so people can purchase otherwise you may go back to the previous one.,1,2026-08-15,,,rules
play_store,com.myntra.android,I love myntra shopping.,5,2026-08-15,,,rules
play_store,com.myntra.android,All are original products. Specially Make up products..🥰 Love this. platform charges is high. others wise it's totally good 😊,5,2026-08-15,,,rules
play_store,com.myntra.android,good app but the delivery period is to late,5,2026-08-15,,,rules
play_store,com.myntra.android,best quality products,5,2026-08-15,,quality_doubt,rules
play_store,com.myntra.android,best app affordable price,4,2026-08-14,,,rules
play_store,com.myntra.android,myntra is best for everything,5,2026-08-14,,,rules
play_store,com.myntra.android,Great deal found on Renne Cosmetics.,5,2026-08-14,,,rules
play_store,com.myntra.android,Kam Daam Achcha Kaam,5,2026-08-14,,,rules
play_store,com.myntra.android,myntra is excellent,5,2026-08-14,,,rules
play_store,com.myntra.android,I love myntra.I am using this for 10 years. very trustworthy and reliable.,5,2026-08-14,,,rules
play_store,com.myntra.android,"worst shopping app ever it is not like this is my first time ever using online shopping app, there are so many apps I already use but this time with myntra worst experience happened. I have ordered something and it was a prepaid order then suddenly the next day they locked my account without any reason or message or explanation why they locked it. now what about my order what about my money which was prepaid already. it was a dress for my kid's birthday. and the customer support is not there",1,2026-08-14,,,rules
play_store,com.myntra.android,Best collection for any season,5,2026-08-14,,,rules
play_store,com.myntra.android,great shopping experience 😁 and very good offers at times.,5,2026-08-14,,,rules
play_store,com.myntra.android,awesome products..,5,2026-08-14,,,rules
play_store,com.myntra.android,really nice experience,5,2026-08-14,,,rules
play_store,com.myntra.android,it's good as compared to amazon and flipkart,5,2026-08-14,,,rules
play_store,com.myntra.android,one of the best shopping aap I found...,5,2026-08-14,,,rules
play_store,com.myntra.android,i lovee this app,5,2026-08-14,,,rules
play_store,com.myntra.android,well maintained in design and clothing and style...suits for every age..very satisfied,5,2026-08-14,,,rules
play_store,com.myntra.android,Amazing app for shopping at best prices. lots of brands and articles to choose from with great discounts must try 🙂 Loved it 😜,5,2026-08-14,,,rules
play_store,com.myntra.android,AI कस्टमर केयर बिलकुल काम का नहीं है। अब इसमें क्वालिटी प्रोडक्ट भी नहीं मिल पा रहा है।,1,2026-08-14,,,rules
play_store,com.myntra.android,incredible app 🖤🤍,5,2026-08-14,,,rules
play_store,com.myntra.android,very good product available here,4,2026-08-14,,,rules
play_store,com.myntra.android,I have very nice experience with myntra.,5,2026-08-14,,,rules
play_store,com.myntra.android,"I orders three kurti sets and 2 of them were defective, this was my first time online shopping bht I got disappointed a lot from myntra, And the team was holes in dresses in between only.",2,2026-08-14,,,rules
play_store,com.myntra.android,nice app gives good clothing,5,2026-08-14,,,rules
play_store,com.myntra.android,frauds selling first copy shoes,1,2026-08-14,,,rules
play_store,com.myntra.android,every time Login in App it always show too many attempts. myntra not solving this problem.,1,2026-08-14,,,rules
play_store,com.myntra.android,"I ordered prestige electric kettle , 1 st time it delayed for like 15 days from scheduled date ,and I also called for call for support but nothing changed and so I cancelled order , but I ordered again and this time also same thing happened , ,,very bad experience don't go for electric things poor experience",1,2026-08-14,,,rules
play_store,com.myntra.android,good offers super fast delivery service,5,2026-08-14,,,rules
play_store,com.myntra.android,The overall experience was great until it started putting up new and waste rules. You will have to add a certain amount that changes with product to avail myntra cash. Even if I add certain things it still shows add more. I would rather buy from other app than this.,2,2026-08-14,,,rules
play_store,com.myntra.android,good quality order,5,2026-08-14,,quality_doubt,rules
play_store,com.myntra.android,"amazing app, with great brand's and amazing quality 😍😍😍 love this, this is my go to platform",5,2026-08-14,,quality_doubt,rules
play_store,com.myntra.android,Nice experience since last 20+ years on Myntra..,5,2026-08-14,,,rules
play_store,com.myntra.android,very Good product real product not fake,5,2026-08-14,,,rules
play_store,com.myntra.android,fast delivery app,5,2026-08-14,,,rules
play_store,com.myntra.android,i love this fashion,5,2026-08-14,,,rules
play_store,com.myntra.android,"Etna Faltu app hai k, Online dikhta kuch hai or aata kuch alag hai, n Return kia toh tk pick nhi hua hai order 11 aug 2026, expected date di thi...... very bad",1,2026-08-14,,,rules
play_store,com.myntra.android,so excellent app,5,2026-08-14,,,rules
play_store,com.myntra.android,veryy nicee aap,5,2026-08-14,,,rules
play_store,com.myntra.android,Easy to use and wide choice,5,2026-08-14,,,rules
play_store,com.myntra.android,its very nyc jwellery set.,5,2026-08-14,,,rules
play_store,com.myntra.android,"very bed service , product quality very bed, mene apne order acoding 4 bar complan ki or vah bhi senior officer ae fir bhi resolution nahi mila or. mene 2 order Kiya dono upne aap cancel kar diya",1,2026-08-14,,quality_doubt,rules
play_store,com.myntra.android,worst ecommerce app. It will make life hell. They have delivered product with some items missing.They neither refund money nor give you full product and it will make life hell in infinite bot loop which doesnot understand concern. Amazon is best seeing the Myntra service.,1,2026-08-14,,delivery_return_fear,rules
play_store,com.myntra.android,"I'm desperately trying to unblock my account but myntra blocked my account, without any notification.",1,2026-08-14,,reengagement_gap,rules
play_store,com.myntra.android,very good and amazing,5,2026-08-14,,,rules
play_store,com.myntra.android,the entire myntra is a fraud they are just confirming the order and canceling the order without any intimation and give 10% discount to hell with your discounts,1,2026-08-14,,price_value_anxiety,rules
play_store,com.myntra.android,best app for shopping with great offer 😍😍😍,5,2026-08-14,,,rules
play_store,com.myntra.android,"ordered jeans, requested return because of a fitting issue, the delivery guy told me that the loop tag number is mismatched and I should call the customer support and take the approval. When I called the customer support she put me on hold for 8 mins and no one assisted me, I had to disconnect the call out of frustration. this was not expected from myntra.",1,2026-08-14,,size_fit_uncertainty,rules
play_store,com.myntra.android,"Strong & Clear Very disappointing experience with Myntra. I placed an order and made the payment, but I have not received my parcel and I have not received my refund either. I have already contacted customer support multiple times, but I still haven’t received any proper resolution or help. Taking payment from a customer and then neither delivering the order nor refunding the money is completely unacceptable. Myntra needs to take responsibility and resolve such issues immediately.",1,2026-08-14,,delivery_return_fear,rules
play_store,com.myntra.android,"offers will be good, but platform charges are more",5,2026-08-14,,,rules
play_store,com.myntra.android,fitting is too good,5,2026-08-14,,size_fit_uncertainty,rules
play_store,com.myntra.android,Order exchange karne me issue hota hai..😒😠,1,2026-08-14,,delivery_return_fear,rules
play_store,com.myntra.android,тнιѕ ιѕ тнє αмαzιиg fα¢єωαѕн ι нανє иєνєя ѕєєи ιи му ℓιfє ι ѕυggєѕт уσυ тσ ρℓєαѕє σи¢є α тιмє υѕє тнιѕ fα¢єωαѕн fσя αмαzιиg яєѕυℓтѕ αи∂ вєfσяє ρℓα¢ιиg σя∂єя ρℓz ¢нє¢к тнє єχριяу ∂αтє... тнαикѕ ѕσ мυ¢н🫶🏻💕💬,4,2026-08-14,,,rules
play_store,com.myntra.android,this app is very nice for online shopping and i like all the products which i had been ordered from this app...if you interested in online shopping than you must try this app...,5,2026-08-14,,,rules
play_store,com.myntra.android,best online platform,5,2026-08-14,,,rules
play_store,com.myntra.android,useless app not giving exchange on time delivery,1,2026-08-14,,delivery_return_fear,rules
play_store,com.myntra.android,"“Absolutely love Myntra! 😍 Great collection, offers, and smooth shopping experience. Highly recommended",5,2026-08-14,,,rules
play_store,com.myntra.android,Excellent for Shopping,5,2026-08-14,,,rules
play_store,com.myntra.android,Great product with fast delivery.,5,2026-08-14,,,rules
play_store,com.myntra.android,best delivery and shopping experience go check it out,5,2026-08-14,,,rules
play_store,com.myntra.android,Wonderful product and fit good.,5,2026-08-14,,,rules
play_store,com.myntra.android,nice app rate my experience this app 5* and very useful i purches product and reviews giving earning ke liye bhi best h me khud iska use kar rhi hu mere hisab se bohot jyada best h product bhi achi quality ke hote h ☺️,5,2026-08-14,,quality_doubt,rules
play_store,com.myntra.android,bohot acha app hai 😁,5,2026-08-14,,,rules
play_store,com.myntra.android,nice online platform for buying clothes and following the latest trends very authentic brands and quality of clothes with reasonable price 😁,5,2026-08-14,,quality_doubt,rules
play_store,com.myntra.android,"Very fast, easy and reliable shopping site",5,2026-08-14,,,rules
play_store,com.myntra.android,my first experience with myntra was too awasome....,5,2026-08-14,,,rules
play_store,com.myntra.android,"Look: Simple, sporty/casual cargo style. Black/navy color versatile hai. Fit: Waist par elastic comfortable lag raha hai, aur legs ka fit straight/relaxed hai. Bahut tight nahi hai. Design: Dono sides ke zipper cargo pockets practical hain aur pant ko utility look dete hain. Length: Overall length theek lag rahi hai, ankle ke paas thodi loose finish hai. Fabric: Photos se fabric lightweight, slightly shiny/nylon-type lag raha hai—daily casual wear ke liye achha ho sakta hai. Stitching: Visible s",5,2026-08-14,,quality_doubt|app_ux_friction,rules
play_store,com.myntra.android,Good product I like it,5,2026-08-14,,,rules
play_store,com.myntra.android,super products I believe his words I have good experience,5,2026-08-14,,,rules
play_store,com.myntra.android,ek dam mast shirt hai iski pehan ke to me bilkul hero wali feel le rha hu,5,2026-08-14,,,rules
play_store,com.myntra.android,"Previously, the application and customer service were quite satisfactory, and we were able to discover authentic and high-quality products. We had been utilizing it for many years. However, our recent experiences have been rather disappointing, as they appear to be permitting counterfeit products on their platform. Furthermore, when we attempt to return these items, their customer service declines the return, citing the product as fake, despite the product tag and original packaging remaining in",1,2026-08-14,,quality_doubt,rules
play_store,com.myntra.android,it is the best app,5,2026-08-14,,,rules
play_store,com.myntra.android,Best and reliable site/app for original brands.,5,2026-08-14,,,rules
play_store,com.myntra.android,"My Cash feature worked once but it got blocked and the platform fees are also high, it was fine in the beginning.",4,2026-08-14,,,rules
play_store,com.myntra.android,Delivery is post poned without prior intimation,1,2026-08-14,,,rules
play_store,com.myntra.android,best app for online shopping,5,2026-08-14,,,rules
play_store,com.myntra.android,Great app and shoping experince.,5,2026-08-14,,,rules
play_store,com.myntra.android,Nice 👍 good product,5,2026-08-14,,,rules
play_store,com.myntra.android,Very bad experience...... Never gonna buy anything from Myntra ..... Fraud.. . Very bad experience with Myntra.....same pathetic experience .......Keep on delaying the product and misleading the customer....My product was supposed to be delivered on 10 and today is 14.....Keep on delaying,1,2026-08-14,,,rules
play_store,com.myntra.android,worst experience they simply blocked my account. Now I'm unable to login also I had one unsolved complaint.,1,2026-08-14,,,rules
play_store,com.myntra.android,exact size and comfortable love it,4,2026-08-14,,,rules
play_store,com.myntra.android,product quality is excellent,4,2026-08-14,,quality_doubt,rules
play_store,com.myntra.android,It's the best shopping app. It offers cash back on any order. It's too good; go for it.👍,5,2026-08-14,,,rules
play_store,com.myntra.android,not open this app,2,2026-08-14,,,rules
play_store,com.myntra.android,Good experiance so far,5,2026-08-14,,,rules
play_store,com.myntra.android,Always Giving Best Product..,5,2026-08-14,,,rules
play_store,com.myntra.android,"High price but good quality product I received it, if Myntra reduce the costume price and give good quality products, they customer will be more happy to afford it.",5,2026-08-14,,quality_doubt,rules
play_store,com.myntra.android,I had a very good experience with Myntra.,5,2026-08-14,,,rules
play_store,com.myntra.android,It is a purely quality product platform. There are no bad quality products here so don't hesitate for the quality just order and enjoy it. I will definitely recommend it.,5,2026-08-14,,quality_doubt,rules
play_store,com.myntra.android,good quality of clothes,5,2026-08-14,,quality_doubt,rules
play_store,com.myntra.android,"Worst Experience with Myntra! ⭐ Absolutely terrible experience. I received the wrong product, and despite raising a complaint, Myntra is only offering a refund after pickup instead of a proper replacement. Very disappointing customer service and zero accountability. I strongly recommend avoiding Myntra. Don’t risk your money and time!",1,2026-08-14,,delivery_return_fear,rules
play_store,com.myntra.android,the app product is so good and very comfortable meterial,5,2026-08-14,,,rules
play_store,com.myntra.android,what is this behaviour myntra why you are not corporating with customer complaint,1,2026-08-14,,,rules
play_store,com.myntra.android,great fashion collection 😃,5,2026-08-14,,,rules
play_store,com.myntra.android,quality is superb,5,2026-08-14,,quality_doubt,rules
play_store,com.myntra.android,delivery time is too long,2,2026-08-14,,,rules
play_store,com.myntra.android,amazing experience,4,2026-08-14,,,rules
play_store,com.myntra.android,very good jeans best quality bast colour,5,2026-08-14,,quality_doubt,rules
play_store,com.myntra.android,nice product quality,5,2026-08-14,,quality_doubt,rules
play_store,com.myntra.android,It's a great experience every time I purchase from myntra,4,2026-08-14,,,rules
play_store,com.myntra.android,nice app with good customer service,5,2026-08-14,,,rules
play_store,com.myntra.android,overall my experience is very good.,5,2026-08-14,,,rules
play_store,com.myntra.android,waste my time order don't be delivered extended date for three times hated app 👎,1,2026-08-14,,,rules
play_store,com.myntra.android,nice experience thank you,5,2026-08-14,,,rules
play_store,com.myntra.android,genuine products delivered by Myntra,5,2026-08-14,,,rules
play_store,com.myntra.android,very good app user friendly. price is better than other,5,2026-08-14,,,rules
play_store,com.myntra.android,best oniline shoping app,5,2026-08-14,,,rules
play_store,com.myntra.android,myntra is the best app for purchase and i m using from last 10 years of this platform. i luv it,5,2026-08-14,,,rules
play_store,com.myntra.android,best app for shopping 🛒🛍️,5,2026-08-14,,,rules
play_store,com.myntra.android,wonderful app with wonderful product,4,2026-08-14,,,rules
play_store,com.myntra.android,best shopping app and give best discount,5,2026-08-14,,price_value_anxiety,rules
play_store,com.myntra.android,very good app faster delivary,4,2026-08-14,,,rules
play_store,com.myntra.android,i loved mynta ❤❤❤,5,2026-08-14,,,rules
play_store,com.myntra.android,best online shopping app I always prefer this app for beauty and clothes 🩷💎,5,2026-08-14,,,rules
play_store,com.myntra.android,"I have had a very bad experience with this app. It is a very useless app. It does not support anything, so I would not recommend it to anyone. Delivery experience is very bad",1,2026-08-14,,,rules
play_store,com.myntra.android,"Balanced I’ve had a pretty good experience with Myntra overall. The app is easy to use, there are lots of products and brands to choose from, and the delivery tracking is helpful. Prices and discounts are also usually good. There are occasional delivery issues, but overall it’s a convenient shopping app.",5,2026-08-14,,,rules
play_store,com.myntra.android,I loved this app product quality is awesome whatever I bought till date....,5,2026-08-14,,quality_doubt,rules
play_store,com.myntra.android,Myntra is very reliable platform,4,2026-08-14,,,rules
play_store,com.myntra.android,excellent everything is ultimate,5,2026-08-14,,,rules
play_store,com.myntra.android,bakavas app h mera product karab aaya tha mene do baar retan karne ka try kiya lekin nahi hua,1,2026-08-14,,,rules
play_store,com.myntra.android,apne aapa hi tumne mera order cancel kr diya,1,2026-08-14,,,rules
play_store,com.myntra.android,wonderful shopping platform,5,2026-08-14,,,rules
play_store,com.myntra.android,nice app and good service,5,2026-08-14,,,rules
play_store,com.myntra.android,very user friendly app. and also great varieties of clothes and others.,5,2026-08-14,,,rules
play_store,com.myntra.android,Too good and genuine product,5,2026-08-14,,,rules
play_store,com.myntra.android,The delivery partners of the Myntra app are useless.,1,2026-08-14,,,rules
play_store,com.myntra.android,"return keeps getting canceled due to ""internal matters."" tried calling the customer care, and you are handed an AI voice bot on call. time to uninstall this garbage app.",1,2026-08-14,,,rules
play_store,com.myntra.android,great price and fast delivery,4,2026-08-14,,,rules
play_store,com.myntra.android,providing wrong products after that they are not preparing any return...even though they have return policy,1,2026-08-14,,delivery_return_fear,rules
play_store,com.myntra.android,one of the best apps ever,5,2026-08-14,,,rules
play_store,com.myntra.android,good quality premium 👍,5,2026-08-14,,quality_doubt,rules
play_store,com.myntra.android,good product app,5,2026-08-14,,,rules
play_store,com.myntra.android,the quality of the clothes is exquisite,4,2026-08-14,,quality_doubt,rules
play_store,com.myntra.android,"GREAT PLATFORM FOR HOME SHOPPING WITHOUT ANY TROUBLE ,THE COOLEST THING IS BEST QUALITY WE RECEIVE AS SEEN IN PLATFORM AND THE PEOPLE REVIEWS ARE VERY HELPFULL TO CHECK THE REAL PRODUCT AND ITS COLOR, QUALITY.ㅤㅤㅤㅤ ㅤㅤㅤㅤㅤㅤㅤㅤㅤㅤㅤㅤㅤㅤㅤㅤㅤ -SATYAMM",5,2026-08-14,,quality_doubt,rules
play_store,com.myntra.android,very beautiful suit... fantastic... thankyou myntra,5,2026-08-14,,,rules
play_store,com.myntra.android,all product quality is very good,5,2026-08-14,,quality_doubt,rules
play_store,com.myntra.android,my favourite one,5,2026-08-14,,,rules
play_store,com.myntra.android,trustable and satisfying aap,5,2026-08-14,,,rules
play_store,com.myntra.android,very good experience overall one of the best application for online shopping,5,2026-08-14,,,rules
play_store,com.myntra.android,best offers I loved it,5,2026-08-14,,,rules
play_store,com.myntra.android,excellent online Shopping app,5,2026-08-14,,,rules
play_store,com.myntra.android,best app for coupons and rewards,5,2026-08-14,,,rules
play_store,com.myntra.android,very nice and every thing is perfect,5,2026-08-14,,,rules
play_store,com.myntra.android,very nice app for branded clothing,5,2026-08-14,,,rules
play_store,com.myntra.android,very poor service 😞,1,2026-08-14,,,rules
play_store,com.myntra.android,very nice experience 😃😃,5,2026-08-14,,,rules
play_store,com.myntra.android,good product but despatch leat,5,2026-08-14,,,rules
play_store,com.myntra.android,lt's a superb app for a shopping all necessary things.,5,2026-08-14,,,rules
play_store,com.myntra.android,very nice experience.,5,2026-08-14,,,rules
play_store,com.myntra.android,just myntra things😍,5,2026-08-14,,,rules
play_store,com.myntra.android,One of my favourite apps,4,2026-08-14,,,rules
play_store,com.myntra.android,superb quality and delivery,5,2026-08-14,,quality_doubt,rules
play_store,com.myntra.android,"The new update has made Myntra much less user-friendly. Earlier, while searching “Men’s T-shirts,” the total count (e.g. 30K) was shown, and while scrolling, we could understand how far we had reached in the results. This was very useful when browsing thousands of products. Even after applying filters like Being Human + 2XL, the product count was visible. Now all this information is gone. The tracking ID is also no longer clearly visible, and the new layout feels worse.",1,2026-08-14,,,rules
play_store,com.myntra.android,Worst Customer Support. I ordered a forever bag which was delivered to me in improper packing without a strap in it. Also they are unable to compensate for the inconvenience. I think the product delivered is duplicate.,1,2026-08-14,,,rules
play_store,com.myntra.android,very good product and delivery on time I like this app,5,2026-08-14,,,rules
play_store,com.myntra.android,this shopping aplhi best quality product,5,2026-08-14,,quality_doubt,rules
play_store,com.myntra.android,always a good experience in shopping,5,2026-08-14,,,rules
play_store,com.myntra.android,amazing for shopping.,5,2026-08-14,,,rules
play_store,com.myntra.android,the product listed on this app is brnaded and having good quality.,5,2026-08-14,,quality_doubt,rules
play_store,com.myntra.android,"this app is amazing, these are given good quality items ❤️",5,2026-08-14,,quality_doubt,rules
play_store,com.myntra.android,great experience refund is also super fast,5,2026-08-14,,delivery_return_fear,rules
play_store,com.myntra.android,excellent shopping platform,5,2026-08-14,,,rules
play_store,com.myntra.android,great product and great work 💯💯,5,2026-08-14,,,rules
play_store,com.myntra.android,nice experience 🙂,5,2026-08-14,,,rules
play_store,com.myntra.android,good app for shopping.,5,2026-08-14,,,rules
play_store,com.myntra.android,very good application for shopping,5,2026-08-14,,,rules
play_store,com.myntra.android,the app UI is very good and collections are also more,5,2026-08-14,,,rules
play_store,com.myntra.android,very good quality and it's suits in every situation,5,2026-08-14,,quality_doubt,rules
play_store,com.myntra.android,"good product, discount every time",5,2026-08-14,,price_value_anxiety,rules
play_store,com.myntra.android,very expensive 🫰,5,2026-08-14,,,rules
play_store,com.myntra.android,nice product i feel happy,5,2026-08-14,,,rules
play_store,com.myntra.android,"I had a terrible experience with Myntra. First, the delivery agent didn't show up; then, when I went to the warehouse, they refused to help, saying they didn't have the time to search for my package i didn't expect this from brands like myntra",1,2026-08-14,,,rules
play_store,com.myntra.android,Many failed deliveries for 1 item .,1,2026-08-14,,,rules
play_store,com.myntra.android,"I ordered shoes from Myntra a month ago too, and the same problem happened. After waiting for 10-20 days, they cancelled the order. I placed an order again this time, and you people are still saying it will take another 1-2 days, while it has already been over 10 days for this order I feel like it was a mistake to order from your platform. I won't do it again after this. The result from your platform was the worst, even Meesho is better than you",1,2026-08-14,,,rules
app_store,907394059,"⭐⭐⭐⭐⭐ Really happy with this purchase! The jeans fit perfectly and are very comfortable to wear. The fabric quality is good, and the color looks exactly like the pictures. The fitting is stylish and flattering, and the length is also perfect. Overall, a good-quality jeans at a reasonable price. Definitely worth buying! 👖✨",5,,,size_fit_uncertainty|quality_doubt,rules
app_store,907394059,"Amazing choice, great delivery experience",5,,,,rules
app_store,907394059,Best online shopping experience,5,,,,rules
app_store,907394059,Always excilent products,5,,,,rules
app_store,907394059,Amazing product,5,,,,rules
app_store,907394059,So amazing great offers and great product,5,,,,rules
app_store,907394059,"Superb variety, user friendly app",5,,,,rules
app_store,907394059,Excellent quality suprab,5,,,quality_doubt,rules
app_store,907394059,I ordered the suit bt recieved completely different product and customer care also do nothing about this matter didn’t expect this from myntra worst customecare service ever they didnt do anything about your complain,1,,,,rules
app_store,907394059,Good Quality products. Timely delivery. Easy shopping experience. MynCash offer is super good.,5,,,quality_doubt,rules
app_store,907394059,Nice App. I loved it,5,,,,rules
app_store,907394059,"Recently I was ordered clothes from Myntra , overall good experience",5,,,,rules
app_store,907394059,"I loved this perfume, sweet and mild smell",5,,,,rules
app_store,907394059,Cute colour. Snug fit. Good material,5,,,quality_doubt,rules
app_store,907394059,Looked very nice on me. Even my husband noticed it. Loved it,5,,,,rules
app_store,907394059,Always provide best service on time . I blindly trust on Myntra. They repost very fast always provide polite reply to their customers.,5,,,,rules
app_store,907394059,"Good deals , good and genuine product",4,,,,rules
app_store,907394059,Bhai redtape ke shoes mst mile,5,,,,rules
app_store,907394059,Ek nombar bahot accha aya hai,5,,,,rules
app_store,907394059,Beautiful work Awesome application 😅,5,,,,rules
app_store,907394059,Nice collection and great experience,5,,,,rules
app_store,907394059,Always good experience,4,,,,rules
app_store,907394059,Very bad customer care service. I had cancelled my order and till now there is no refund. In order status it is showing refund initiated but when called customer care team they have no ideas and just keep transferring the calls which are never received,1,,,delivery_return_fear,rules
app_store,907394059,It’s an amazing perfume. Fragrance is Osmmm and budget friendly too.,5,,,,rules
app_store,907394059,"Amazing shopping experience, i have stopped going to malls 👍🙂",5,,,,rules
app_store,907394059,One of my fav. Shopping app..,5,,,,rules
app_store,907394059,A lovely product value for money,5,,,,rules
app_store,907394059,"⭐⭐⭐⭐⭐ Amazing shopping experience with Myntra! The app is easy to use, has a great variety of products, and the delivery is quick and reliable. I’m very happy with the quality and overall service. Highly recommended! 🛍️✨",5,,,quality_doubt,rules
app_store,907394059,Perfect fitting with exact colour tone,5,,,size_fit_uncertainty,rules
app_store,907394059,Best and Safe Place for shopping,5,,,,rules
app_store,907394059,Best shopping app For all,4,,,,rules
app_store,907394059,"maine 15/07/2026 ko order kiya tha aaj 19/08/2026 hai aaj 35 days ho gaye mera order abhi tak mujhe mila nahi, 👎🏻👎🏻👎🏻👎🏻",1,,,,rules
app_store,907394059,Love the product quality n fit,5,,,quality_doubt,rules
app_store,907394059,It’s always best way to purchase the best products,5,,,,rules
app_store,907394059,"Ordered jeans, received absolute garbage. Raised a complaint with evidence, yet Myntra simply closed the ticket claiming the “correct product” was delivered. Taking customers’ money and refusing to take responsibility is unacceptable. I will escalate this through the consumer grievance authorities. Avoid Myntra unless you’re prepared to fight for your money.",1,,,,rules
app_store,907394059,Multiple reason I I like Myntra,5,,,,rules
app_store,907394059,I especially like that a small amount is enough for the whole face. It's a good option if you're looking for a face wash that gives a gentle exfoliating effect while keeping your skin feeling clean and fresh. rating 5/5 *****,5,,,,rules
app_store,907394059,Good clothes with lots of varieties,5,,,,rules
app_store,907394059,Delivery is fast,5,,,,rules
app_store,907394059,"Dear Myntra , I am writing to raise a formal complaint regarding the delayed delivery of two HRX products that I ordered from Myntra. The promised delivery date was 18 August, but the products have still not been delivered. Moreover, there has been no proper update showing the order as delayed or explaining the reason for the delay. I have already contacted Myntra Customer Care two to three times regarding this issue. Even before today, there was no proper delivery attempt made for my order. Today was the promised delivery date, yet the delivery was again not attempted. When I contacted Customer Care earlier, I was asked to wait until 9 PM for the delivery. After 9 PM, when I contacted Customer Care again, I was told to wait for another 72 hours. I would like to understand why I should be asked to wait for an additional 72 hours when the product was promised to me for delivery on 18 August. I placed the order based on the delivery date provided by Myntra, and I expect the product to be delivered within the committed timeline. I am a loyal Myntra customer and have always trusted Myntra for reliable service. Therefore, I do not expect such a delay without any proper communication or resolution. I request you to please look into this matter urgently, provide me with a clear explanation for the delay, and ensure that my products are delivered at the earliest without asking me to wait indefinitely. Please treat this as a formal grievance and provide me with a proper resolution. Regards, Yogendra Kumar Sharma",1,,,,rules
app_store,907394059,Have been using it for long time,4,,,,rules
app_store,907394059,"When the mistake is in their part, The return policy is complicated. It’s been days, Countless requests with customer support and grievance officer but issue is not getting resolved.",1,,,delivery_return_fear,rules
app_store,907394059,"Suit is very pretty, if you are thinking to purchase this kurta set then go for it",5,,,,rules
app_store,907394059,App is good I ordered a shoes product was good I’ll continue shopping from this this,4,,,,rules
app_store,907394059,Easy to use .. very friendly.. and my favourite clothes shopping aap ever,5,,,,rules
app_store,907394059,Fitting - as expected Fabric - soft and good quality Feel - good Look - elegance Overall perfect.,5,,,size_fit_uncertainty|quality_doubt,rules
app_store,907394059,Very nice outfit..and soft fabric,5,,,quality_doubt,rules
app_store,907394059,Myntra is the best app for cloth shopping.,5,,,,rules
app_store,907394059,Product is really nice and as per my expectation.,5,,,,rules
app_store,907394059,This lumba rakhi is nice,5,,,,rules
app_store,907394059,Very preety must buy it,5,,,,rules
app_store,907394059,"Good product, high quality",5,,,quality_doubt,rules
app_store,907394059,Product of quality is really good ✨♥️,5,,,quality_doubt,rules
app_store,907394059,The best product ever,5,,,,rules
app_store,907394059,"Very nice product. The quality is good, fitting is perfect, and the color looks exactly like the picture. Totally satisfied with the purchase.",5,,,size_fit_uncertainty|quality_doubt,rules
app_store,907394059,Product is real,5,,,,rules
app_store,907394059,Awsm fir and quality,5,,,quality_doubt,rules
app_store,907394059,Nice app fr shopping,5,,,,rules
app_store,907394059,The quality of saree is soo beautiful,5,,,quality_doubt,rules
app_store,907394059,What an amazing app,5,,,,rules
app_store,907394059,"Myntra itself is a good platform with a wide range of products and generally good service. However, I had a disappointing experience with their delivery partner serving the Kottukkal P.O., Anchal, Kollam area. The delivery was not made within the expected time, which caused me to miss the purpose for which I had purchased the dress. After contacting Myntra customer support, I came to understand that the delay was due to an issue with their delivery partner. I hope Myntra takes this matter seriously and improves the delivery service in this area. Timely delivery is especially important when customers purchase items for specific occasions or purposes. Myntra is good, but the delivery partner’s service in this location definitely needs improvement.",4,,,,rules
app_store,907394059,Nice cloths material 😍❤️🥰🥰🥰❤️,5,,,quality_doubt,rules
app_store,907394059,Myntra is getting worst day by day as they are not even allowing upi payment also . No COD no most usable UPI. Worst experience ever.,1,,,,rules
app_store,907394059,"So far so good, loving Myntra- highly recommended 👌👌👌",5,,,,rules
app_store,907394059,The quality of the bag was amazing and i got the bag in just 2 days .,5,,,quality_doubt,rules
app_store,907394059,Good products happy wali felling 😊,5,,,,rules
app_store,907394059,I love Myntra amazing way of selling and giving comfort to every purchasers. No risk of money no risk of cloth No risk of change. Lovely No one can give this type of comfort ❤️,5,,,,rules
app_store,907394059,To be honest i never expect the good return policy from myntra its so good i have recently purchase a something from it and its like i got the bigger size but its exchange within a minutes i know its very strange but i like the policy,5,,,delivery_return_fear,rules
app_store,907394059,"Myntra, for me is not just an app, it is my companion, for me, my kids, anything I have looked for, whether clothes ,woollen clothes,accessories, Myntra has been my best friend in my life journey. It takes away any worries I have regarding buying anything, especially for my kids. God bless MYNTRA.",5,,,,rules
app_store,907394059,The shoes is awesome the fitting is great and shoes finishing is also good must buy them.,5,,,size_fit_uncertainty,rules
app_store,907394059,Thanks for delivery speed and parcel delivery service Parcel packaging is well and 100% recyclable pack Item is as same size and quality as description,5,,,quality_doubt,rules
app_store,907394059,They sell the original product with very good offers compared to other websites,5,,,,rules
app_store,907394059,Excellent quality,5,,,quality_doubt,rules
app_store,907394059,By sending faster than others,5,,,,rules
app_store,907394059,I have been using Myntra foe the last few months and I'm loving it and im shopping on a regular basis,5,,,,rules
app_store,907394059,It’s so good and quitly💗💗,5,,,,rules
app_store,907394059,Best fashion app ever. Myntra never disappoints,5,,,,rules
app_store,907394059,Best quality and fitting,5,,,size_fit_uncertainty|quality_doubt,rules
app_store,907394059,all time my favrt🎀,5,,,,rules
app_store,907394059,"Been using it since 2014, and this is the best online fashion shopping app so far.",5,,,,rules
app_store,907394059,Very soft and good material,5,,,quality_doubt,rules
app_store,907394059,Thank you for a great shopping experience .. You’ve added so much happiness to my life by delivering products before time..😊🌸,5,,,,rules
app_store,907394059,It’s a best shopping app for each and every type of fashionable yet trendy outfits,5,,,,rules
app_store,907394059,Very good products and timely delivery and returns,5,,,,rules
app_store,907394059,"Elegant outfit , fits in all Occasions",5,,,,rules
app_store,907394059,Product is as good as picture. Absolutely fine quality of clothes are used.,5,,,quality_doubt,rules
app_store,907394059,Not bad sweatshirt this Myntra peoples before taking order they make user friendly to order after that delivery will be very late and irresponsible peoples,2,,,,rules
app_store,907394059,Birkenstock needs no introduction,5,,,,rules
app_store,907394059,Great product with reasonable price.,5,,,,rules
app_store,907394059,Info era is my favourite kurta set brand ❤️❤️ Luvd the stuff and colour combination…. Full size Duptta True to size … you can definitely purchase this without any second thought ❤️❤️👍🏻👍🏻,4,,,size_fit_uncertainty,rules
app_store,907394059,Best deals every i buy my dream luxury products on very good discounts,5,,,,rules
app_store,907394059,This app is very genuine and the products are 100 original and discounts are always great on season .,5,,,,rules
app_store,907394059,"I’ve been shopping on Myntra for 12–13 years, since it first launched. The app, products, and customer support have been great. The only reason I’m giving 4 stars instead of 5 is that international cards aren’t accepted for payment. It would be great if you could add support for international cards.",4,,,,rules
app_store,907394059,Please myntra bring your that update back where one can see amount of articles you have for the specific search,3,,,,rules
app_store,907394059,Usse pehle bi mene ek metro flats mgvai thi use money refund nai hue to can just update me when I get my money,5,,,delivery_return_fear,rules
app_store,907394059,Nice product Maine dove shampoo mangaya tha bhut achha hai or bhut khud hu,5,,,,rules
app_store,907394059,Beautiful colour fantastic fabric awesome fitting,5,,,size_fit_uncertainty|quality_doubt,rules
app_store,907394059,"The price, material, fit and finish is just awesome. Thanks Myntra.",5,,,quality_doubt,rules
app_store,907394059,I just loved this dress,5,,,,rules
app_store,907394059,Best app gor shopping,5,,,,rules
app_store,907394059,"I have been a loyal Myntra customer for a long time, but over the past few months I’ve been facing issues with almost every order—either with the product or the service. Once, I requested an exchange for a bigger size and was sent an even smaller one. On top of that, there have been at least three instances where I had to contact customer care because the return pickup didn’t happen on the scheduled date. This has been extremely disappointing, and as a result, I’m planning to uninstall the app once my current return is completed.",1,,,delivery_return_fear,rules
app_store,907394059,This side is amazing,5,,,,rules
app_store,907394059,I always use myntra for my skin care clothing my baby s clothing and all its perfect preference of mine behind all other shopping apps,5,,,,rules
app_store,907394059,"Have tried many brands even the expensive ones, this gives complete neat look from top to bottom. Gives a fabulous look",5,,,,rules
app_store,907394059,Best online shopping application ❤️,5,,,,rules
app_store,907394059,This has been long time since I’m doing online shopping from myntra. I find the products of original brand and top quality. I am very much satisfied with the services. I would love to shop in future and recommend to my friends.,5,,,quality_doubt,rules
app_store,907394059,All the thibgs i have ordered from here were always good.,5,,,,rules
app_store,907394059,Short kurta was amazing . Quality was best,5,,,quality_doubt,rules
app_store,907394059,"Quite a good service , ship to our area when no other services are available, can trust with different brands on it",5,,,,rules
app_store,907394059,Febric and colour is good & comfortable.,4,,,,rules
app_store,907394059,Did my wedding shopping in Myntra it’s absolutely super,5,,,,rules
app_store,907394059,The fit is really good and material also nice,5,,,quality_doubt,rules
app_store,907394059,Great app than Amazon Flipkart ( for dress ),5,,,,rules
app_store,907394059,"Superb quality,smooth texture of T-shirt and fitting perfect",5,,,size_fit_uncertainty|quality_doubt,rules
app_store,907394059,Very beautiful and comfortable,5,,,,rules
app_store,907394059,Your customer care champions and service deserve only one word …. Thu…,1,,,,rules
app_store,907394059,Great app been using it for many years and great service.,5,,,,rules
app_store,907394059,Excellent quality with great value for money,5,,,quality_doubt,rules
app_store,907394059,Good quality and well designed maxi dress Colour was so good And light weight It gave a bright impact,5,,,quality_doubt,rules
app_store,907394059,"As compare to other platform Myntra product quality is up to mark , and mobile application equivalent to Amazon.",5,,,quality_doubt,rules
app_store,907394059,"Myntra, this is extremely frustrating and honestly unacceptable. Your app keeps cancelling my orders without any prior information or even a phone call. Four of my orders have been cancelled to date, and not once have I received a proper call before the cancellation. What exactly does “cancelled under some circumstances” mean? If there is an issue with the order, inventory, delivery, or anything else, the customer deserves to be informed clearly before you cancel it. This is not a fair way to treat customers, especially from a brand like Myntra. Thank God I don’t usually make prepaid orders on this app, because after this experience, I have very little confidence that my order will actually be delivered. Please look into this issue seriously and provide a proper explanation for these repeated cancellations. This experience is extremely disappointing and unacceptable.",1,,,,rules
app_store,907394059,Im very happy for shopping by myntra. It is valuable platform for shopping.,5,,,,rules
app_store,907394059,They send u items of their own choice and when you try to tell them that u got the wrong item they waste your time and koney,1,,,,rules
app_store,907394059,"Very happy with the ap and quality of items is always great, really in love with this app",5,,,quality_doubt,rules
app_store,907394059,some people selling fraud product so checking,5,,,,rules
app_store,907394059,PTA chlega shoes melne per,5,,,,rules
app_store,907394059,Smooth and beautiful colors,4,,,,rules
app_store,907394059,Great work myntra,5,,,,rules
app_store,907394059,Very good online shopping experience with myntra ❤️🥰🫡🤩,5,,,,rules
app_store,907394059,So chic. So pretty. I just loved it. Its so clasyyy✨,5,,,,rules
app_store,907394059,Very good service. Easy exchange and returns. And the products are also very genuine and of superior quality,5,,,quality_doubt|delivery_return_fear,rules
app_store,907394059,Good quality and comfortable to wear,5,,,quality_doubt,rules
app_store,907394059,Hi golbjvgvv cc luv,5,,,,rules
app_store,907394059,The product is amazing give good fittings go for it,5,,,,rules
app_store,907394059,Perfect place for shopping and ease free returns.,5,,,,rules
app_store,907394059,You guys can improve your Application. At many places the product varies from the copy. Which is misleading to the customers,5,,,,rules
app_store,907394059,Ultimate Platform for Shopping,5,,,,rules
app_store,907394059,It is very comfortable! Just size issue,5,,,size_fit_uncertainty,rules
app_store,907394059,My Myntra app is not working and it’s showing something went wrong again and again. Due to this issue. I’m not able to purchase anything and also returned my products because my Myntra app is not opening. Please resolve this issue as soon as possible.,1,,,,rules
app_store,907394059,Im happy with all my purchases from Myntra,5,,,,rules
app_store,907394059,Worth it awesome result i love the texture.,4,,,,rules
app_store,907394059,The dress is very soft perfect if you are expecting mom the quality is pure cotton soft material. Colour is also good trending butter yellow. Most amazing part the dress have pockets which I personally loved. The design on the dress is also minimal overall the dress is giving the classy look. Go for it if you like minimal along with comfort and class.,5,,,quality_doubt,rules
app_store,907394059,App it’s showing my account is blocked,1,,,,rules
app_store,907394059,"Good quality products, easy ordering and fast delivery. Overall, a great shopping experience.",5,,,quality_doubt,rules
app_store,907394059,Very good quality and attractive colour,5,,,quality_doubt,rules
app_store,907394059,We can expect good quality products from Myntra,5,,,quality_doubt,rules
app_store,907394059,Amazing quality soft satin fabric.... Totally approved,5,,,quality_doubt,rules
app_store,907394059,No need to download this app buy product from Flipkart and Amazon only if get wrong product they don’t return it or you can’t connect with customer care,1,,,,rules
app_store,907394059,Awesome products,5,,,,rules
app_store,907394059,"Bestest, i love u myntra",5,,,,rules
app_store,907394059,Fitting look fabric are fabulous,5,,,size_fit_uncertainty|quality_doubt,rules
app_store,907394059,I love myntra for making my life beautiful,5,,,,rules
app_store,907394059,Quality is good,5,,,quality_doubt,rules
app_store,907394059,Very good quality i love it,5,,,quality_doubt,rules
app_store,907394059,"This is the first time i am giving any review to any application. Extremely frustrating experience with Myntra's customer service. I ordered two suits and received the wrong items. I initiated a return, but it wasn't picked up, forcing me to re-file the return on August 7th. It was approved, but despite calling multiple times over ten days, I've received nothing but empty promises and automated tickets. My return is still uncollected, and I'm stuck in a loop of zero resolution. Please check this matter and resolve my issue. Where is Myntra developers and Myntra backend team??",1,,,,rules
app_store,907394059,Good fabric and relaxed fit felt good but at the bottom of the pant i could see some scratches and little toren,3,,,quality_doubt,rules
app_store,907394059,Amazing products on time,5,,,,rules
app_store,907394059,It’s nice fabric and nice print,5,,,quality_doubt,rules
app_store,907394059,Awesome shopping experience,5,,,,rules
app_store,907394059,"I’ve had a really good experience with Myntra so far. There’s a great variety of brands and styles, and I find the app easy to browse and use. The product descriptions and reviews are helpful when deciding what to buy, and the delivery has been smooth for me. Overall, one of my go-to apps for fashion shopping. ⭐⭐⭐⭐⭐",5,,,,rules
app_store,907394059,Amazing collections & super early deliveries. Love you Myntra,5,,,,rules
app_store,907394059,"They don’t cancelling the order or neither accept the cancellation, so frustrating app ,",1,,,,rules
app_store,907394059,Loveddd ittttttt,5,,,,rules
app_store,907394059,Great customer service,5,,,,rules
app_store,907394059,Its to good cloth quality is soft 😍😍,5,,,quality_doubt,rules
app_store,907394059,I like this with fitting and quality,5,,,size_fit_uncertainty|quality_doubt,rules
app_store,907394059,Best shopping app for clothing and other stuff,5,,,,rules
app_store,907394059,I ordered the suit for Mother’s Day . Thank you so much for the perfect suit the quality is worth the price .,5,,,quality_doubt|price_value_anxiety,rules
app_store,907394059,"Very Poor service from MYNTRA orders are canceled automatically by the MYNTRA itself , it’s a very disappointing customer Customer service .",1,,,,rules
app_store,907394059,Myntra is always helpful for all kind of brand outfits and easy delivery and returns,5,,,,rules
app_store,907394059,yeah it’s a very nice app to tryy ❤️,5,,,,rules
app_store,907394059,Very comfortable product,4,,,,rules
app_store,907394059,Best Brands Best Products Best Price 💎💎,5,,,,rules
app_store,907394059,So nice Shoue 🥰🥰🥰🥰,5,,,,rules
app_store,907394059,Lovely App to Shop thru,5,,,,rules
app_store,907394059,"My favourite app for shopping, genuine products",5,,,,rules
app_store,907394059,Incredibly addictive,5,,,,rules
app_store,907394059,Good and trustworthy online shopping site,5,,,,rules
app_store,907394059,Loved the app and all products,5,,,,rules
app_store,907394059,Great experience as always,5,,,,rules
app_store,907394059,Excellent experience,5,,,,rules
app_store,907394059,"I didn’t use this app much before because I used to think that it had very expensive clothes. But Myntra has launched so many amazing products at such reasonable prices, and the quality is also so good. Since then, I don’t order anything from any other app. Myntra is the best shopping app for me!",5,,,quality_doubt,rules
app_store,907394059,Quick delivery and and accurate products. No lies and no fake products,5,,,,rules
app_store,907394059,I am happy shopping with Myntra 😍,5,,,,rules
app_store,907394059,Never disappoint,5,,,,rules
app_store,907394059,Great app. Refund processes instantly. Size and style exchange options offer convenience.,5,,,delivery_return_fear,rules
app_store,907394059,Nice product availability and nice app to shop,5,,,,rules
app_store,907394059,Fall in love with this dresses 👗,5,,,,rules
app_store,907394059,"Myntra is genuinely one of the best shopping apps I’ve ever used! The quality of the clothes is excellent, the reviews are authentic and helpful, and the products are exactly as described. I’ve had a great shopping experience so far and truly appreciate the quality and reliability. Highly recommended! ⭐⭐⭐⭐⭐",5,,,quality_doubt,rules
app_store,907394059,My favourite shopping app Myntra 100% original quality,5,,,quality_doubt,rules
app_store,907394059,Loved the colour and overall it was amazing❤️,5,,,,rules
app_store,907394059,Great deals loved it,5,,,,rules
app_store,907394059,Best and wonderful experience,5,,,,rules
app_store,907394059,Very nice product 👌,5,,,,rules
app_store,907394059,wowwwww. so beautiful👌👌,5,,,,rules
app_store,907394059,Nice platform to travel in a journey called fashion,5,,,,rules
app_store,907394059,Thank you for giving us original Product 🤩,5,,,,rules
app_store,907394059,Every brand is available and authentic. Lot of variety to select.,5,,,,rules
app_store,907394059,Best Shopping App in India,5,,,,rules
app_store,907394059,Products are good and at great prices,5,,,,rules
app_store,907394059,Value for money .. good product quality,4,,,quality_doubt,rules
app_store,907394059,As shown in the picture,5,,,image_reality_gap,rules
app_store,907394059,It fits well with my mattress and the colour is nice too… doesn’t fade .. it’s a catch at such a price,5,,,,rules
app_store,907394059,service is excellent with branded cloths and lots of varieties,5,,,,rules
app_store,907394059,Its good and very comfy,5,,,,rules
app_store,907394059,Everything is so smooth,5,,,,rules
app_store,907394059,No matter what if the customer have received a damaged product it’s the sole liability of myntra to conform with the effective support.. Previously myntra was a very customer friendly website but with my recent order a faced a completely different scenario… Think twice before ordering here… There are many more renowed websites with linient and effective return and customer support facilities ..,3,,,,rules
app_store,907394059,Wow it’s very comfortable,5,,,,rules
app_store,907394059,Love you Myntra,4,,,,rules
app_store,907394059,Customer support is not good,1,,,,rules
app_store,907394059,Badhiyaan h aap,5,,,,rules
app_store,907394059,Myntra is getting worsen day by day its product delivery system all are getting rotten. Now its not trustworthy app for shopping.,1,,,,rules
app_store,907394059,Eexxcceelllleenntt,5,,,,rules
app_store,907394059,amazing stuff myntra never disappointed me❤️,5,,,,rules
app_store,907394059,Top notch quality,5,,,quality_doubt,rules
app_store,907394059,The products are really good 👍,5,,,,rules
app_store,907394059,Good app for clothes,5,,,,rules
app_store,907394059,Very aesthetic loving it,5,,,,rules
app_store,907394059,Experience with the app was excellent. Yet to experience the products.,5,,,,rules
app_store,907394059,Myntra is one of the excellent fashion shopping app with all trending brands and products in all price ranges.,5,,,,rules
app_store,907394059,"Myntra’s service has honestly become one of the most pathetic experiences. I had placed an exchange request for an order and have been waiting for the exchanged product since then. Their delivery agents keep giving me missed calls, and when I call back immediately—literally within 20–30 seconds—there is no response. Yet, the agents are marking the status as “customer not responsive.” And now, to make matters worse, Myntra has cancelled my exchange request. I am not even being given an option to return the product because the return window has supposedly expired. How is this the customer’s fault when I have been waiting for the exchange and actively trying to reach the delivery agent? This is not even the first time I have faced the same issue with Myntra. It is extremely frustrating to be penalised for a failure in the delivery/exchange process. After experiencing this twice, I genuinely don’t see a reason to shop from Myntra anymore. Completely unacceptable customer service.",1,,,delivery_return_fear,rules
app_store,907394059,Good deals and best in offers.,5,,,,rules
app_store,907394059,"Best offers,discounts,gifts,or shipping free",5,,,,rules
app_store,907394059,Very good product . Value for money,5,,,,rules
app_store,907394059,A delivery agent took extra 200 rupees,4,,,,rules
app_store,907394059,Under budget best quality,5,,,quality_doubt,rules
app_store,907394059,Very nice quality product Worth buying,5,,,quality_doubt,rules
app_store,907394059,I like the product n quality,4,,,quality_doubt,rules
app_store,907394059,Fabulous fabric,5,,,quality_doubt,rules
app_store,907394059,Myntra always has awesome variety of options for your wardrobe…,5,,,,rules
app_store,907394059,One of the only reliable online platform in this difficult times standing for its customers in Manipur and even shipping through flight. Amazon or Other online platform which announces themselves they are the biggest online platform have seized from transporting products to Manipur. In this difficult times before Amazon and other seizure to deliver products they take more than a month and Myntra delivered in just a week with national blockade and driver no longer ply any highway reaching Manipur,5,,,,rules
app_store,907394059,Awesome product & on time delivery,5,,,,rules
app_store,907394059,Ordered kids dresses and got it delivered superfast. Excellent service,5,,,,rules
app_store,907394059,Have had no issues ordering and received good products always. Promptly picked up and delivered replacement items as well when required due to size misfit issues. Love the UI as well.,5,,,delivery_return_fear,rules
app_store,907394059,Very good and genuine app,5,,,,rules
app_store,907394059,quality is very good,5,,,quality_doubt,rules
app_store,907394059,Product returned but Refund Rejected,1,,,delivery_return_fear,rules
app_store,907394059,Happy with product and don’t want to return,4,,,,rules
app_store,907394059,Very disappointed with myntra service I have ordered nearly 20 days ago 3 dresses for my trip but they are failed to deliver the products and when I contacted they are taking excuses please wait 48 hours after I waited also they are telling 48 hrs again very worst experience from this app for the first time,1,,,,rules
app_store,907394059,Best app for shoping,5,,,,rules
app_store,907394059,"Fast deliveries, good prices, awesome deals, etc etc. and the variety of clothes is amazing.",5,,,,rules
app_store,907394059,Absolutely love this,5,,,,rules
app_store,907394059,Superb product genuinely love this,5,,,,rules
app_store,907394059,It has a good quality,5,,,quality_doubt,rules
app_store,907394059,Love the scrub works beautifully for strawberry skin issue,5,,,,rules
app_store,907394059,Good and perfect match,5,,,,rules
app_store,907394059,"I just love myntra, the product, quality, easy to use platform, easy refund easy exchange, supportive customer service, you name it they will provide it… best, best, & the best website ever… I always comeback to the app whenever i need to buy something. Hassle free service and best quality product with best price.",5,,,quality_doubt|delivery_return_fear,rules
app_store,907394059,It's all time good to shopp from this platform. It gives you authentic and genuine product without any excuse and defect.,5,,,,rules
app_store,907394059,"I am extremely disappointed with Myntra’s service. I expected a reliable shopping experience, but my recent experience has been completely unacceptable. The issue was not handled properly, and despite raising a complaint, I had to repeatedly follow up without receiving a satisfactory resolution. For a prepaid order, this level of customer service is simply unacceptable. Customers should not have to chase Myntra repeatedly for something that is their responsibility to resolve. Very poor customer support, poor complaint handling, and absolutely no sense of urgency. After being a customer, this experience has seriously affected my trust in Myntra. I expected much better from such a well-known platform. Extremely disappointing. I would think twice before placing another prepaid order with Myntra.",1,,,,rules
app_store,907394059,Easy to use clean and simple,5,,,,rules
app_store,907394059,Best product ever,5,,,,rules
app_store,907394059,Excellent product quality and great price point,5,,,quality_doubt,rules
app_store,907394059,Trust only Myntra for your wardrobe,5,,,,rules
app_store,907394059,"Very ease to use, hassle free",5,,,,rules
app_store,907394059,"Best platform for online shoping! The Products are really Goood easy to track the orders, On time delivery, with Neat packing. & Worth buying!🫡",5,,,,rules
app_store,907394059,It’s really beautiful,5,,,,rules
app_store,907394059,Feeling happy & comfortable with Myntra,5,,,,rules
app_store,907394059,Myntra se kapde Lena kafi acha hai baki app k mukable because Myntra Mai Jo quality dikhai jaati hai wahi hoti hai,5,,,quality_doubt,rules
app_store,907394059,"Nice mesh, quality is awesome, looking amazing",5,,,quality_doubt,rules
app_store,907394059,The app is providing good offers and discounts to purchase known brands,5,,,,rules
app_store,907394059,It’s just as shown in pics,5,,,image_reality_gap,rules
app_store,907394059,Thank you Myntra,5,,,,rules
app_store,907394059,Very best quality tops,5,,,quality_doubt,rules
app_store,907394059,Very nice in good price,5,,,,rules
app_store,907394059,Fast to browse anything i want,5,,,,rules
app_store,907394059,Best collections and affordable price range.,5,,,,rules
app_store,907394059,Best Indian fashion site,5,,,,rules
app_store,907394059,Great application all products are genuine and good quality and service is always good,5,,,quality_doubt,rules
app_store,907394059,V v v v comfortable,5,,,,rules
app_store,907394059,Good products & Cost. But few brands not supply to our location. At the same time few brands are suppling. It is little troubling in selections.,5,,,,rules
app_store,907394059,All products are original. Delivery is quick. Very transparent in the app. The products I returned or exchanged were handled with a minimum of fuss. Couldn’t be happier with their professionalism,5,,,,rules
app_store,907394059,"Myntra has always been my go-to shopping app. Great variety, good quality products, easy ordering, and timely delivery. Overall, I’ve had a really good shopping experience with Myntra. Highly recommended!",5,,,quality_doubt,rules
app_store,907394059,"Smooth interface , great range of products and Fast delivery ❤️",5,,,,rules
app_store,907394059,I lost my cash and products And I contacted customer care and it was very bad Going to uninstall,1,,,,rules
app_store,907394059,It’s the same as shown in pic . Very good quality,5,,,quality_doubt|image_reality_gap,rules
app_store,907394059,These days myntra became so useless app for me. I think twice before ordering any product from it. 4 of my products didn’t got delivered and didn’t do anything about it I have raised multiple ticket but still no response even no response from grievance as well. So I have stopped buying products from this app. Now waiting for my refund.,1,,,delivery_return_fear,rules
app_store,907394059,The best shopping experience,5,,,,rules
app_store,907394059,Nice and comfortable,5,,,,rules
app_store,907394059,NYC perfume fragrance 👌,5,,,,rules
app_store,907394059,These are very shiny and elegant bangles. I will recommend to buy slightly bigger size than the regular one.,5,,,,rules
app_store,907394059,Good and authenticity is really good here,5,,,,rules
app_store,907394059,Amazing products,5,,,,rules
app_store,907394059,Very nice Soft Bedsheet... very comfortable can be used for kids bed,5,,,,rules
app_store,907394059,Totally in love with this app .. Amazing products and great service..,5,,,,rules
app_store,907394059,Excellent products,5,,,,rules
app_store,907394059,Good options with excellent price,5,,,,rules
app_store,907394059,Great packaging and product,5,,,,rules
app_store,907394059,Product is good but size not available in discount price,5,,,price_value_anxiety|stock_size_unavailability,rules
app_store,907394059,Fine design and reflection of the quality and class.,5,,,quality_doubt,rules
app_store,907394059,BestSuperb collection & fitting,5,,,size_fit_uncertainty,rules
app_store,907394059,"Its a great app , Try different mobile number and enjoy discounts every time !",5,,,,rules
app_store,907394059,Good quality greatest good material,5,,,quality_doubt,rules
app_store,907394059,"I have been using the Myntra for more than 10 years. The past experience was satisfactory until I had faced a bad delivery experience repetitively for last two deliveries. They scheduled a date for delivery and repetitively rescheduled it for no reason, and at last they cancelled the order. This lead to deep frustration as I was anticipated the order for a particular event.",1,,,,rules
app_store,907394059,This app is too good to shop whatever you want with budget friendly price,5,,,,rules
app_store,907394059,Love the collection,5,,,,rules
app_store,907394059,I am hundred percent secure and better feel,5,,,,rules
app_store,907394059,very bad return pickup service need to follow up for pickup and they did not picked up even then,1,,,delivery_return_fear,rules
app_store,907394059,worth the money.i really like the quality and the brush is soo soft not harsh thank you myntra soo happy with this purchase,5,,,quality_doubt,rules
app_store,907394059,I have been using jt for long time but now the delivered product itself not having loop tag and not accepting return also in support no one is available for a call or chat worst experience,1,,,,rules
app_store,907394059,"Myntra runs its fashion portal efficiently, with quick ordering process and timely deliveries. Only drawback is platform fee too high in comparison to Amazon ( rs.23 vs rs.5)",5,,,,rules
app_store,907394059,Loved the watch it looks so cute on the wrist,5,,,,rules
app_store,907394059,really good experience with myntra cause its very conveient that we can order and return policy is also good and deliver in perfect condition,5,,,delivery_return_fear,rules
app_store,907394059,"Very nice Products Range, price, comfort, delivery.",5,,,,rules
app_store,907394059,Cloth fitting and quality is very good,5,,,size_fit_uncertainty|quality_doubt,rules
app_store,907394059,"I really love this bag! The quality is superb, and it looks even better in person. Totally worth the purchase! Highly recommended. ❤️",5,,,quality_doubt,rules
app_store,907394059,"The sweet dream brand is well - regarded for its comfortable sleepwear, with many of their printed night suits set receiving strong customer ratings online.",5,,,,rules
app_store,907394059,Best fashion outlet app,5,,,,rules
app_store,907394059,it’s very comfortable and it’s fabric are so good when i wear this t-shirt feel cool,4,,,quality_doubt,rules
app_store,907394059,Always good Mynta products,5,,,,rules
app_store,907394059,Easy breezy and comfortable and soft fabric,5,,,quality_doubt,rules
app_store,907394059,"Looking good, fabric good, very comfortable nd classy",5,,,quality_doubt,rules
app_store,907394059,"Very compact , spacious and excellent quality",5,,,quality_doubt,rules
app_store,907394059,Quality was amazing and came as expected,5,,,quality_doubt,rules
app_store,907394059,Fast delivery and good customer support,5,,,,rules
